class_year,school_name,entity_id,authorizer_for_year,model_type,universe_decision,rate_decision,count_in_estimated_slice,decision_basis,notes
2013-14,Argent Preparatory Academy,18400,State Public Charter School Authority,brick_and_mortar,confirmed_charter_high_school,school_level_acgr_recovered,yes,school_year_panel,Recovered from the Nevada Report Card cohort portal where the legacy school is reported as SSCS and crosswalked here to the Silver State / Argent history.
2013-14,NSHS Legacy Single-Campus,18401,State Public Charter School Authority,brick_and_mortar,confirmed_charter_high_school,school_level_acgr_recovered,yes,school_year_panel,Recovered from the Nevada Report Card cohort portal as the pre-campus-split Nevada State High School row.
2013-14,Nevada Virtual Charter,18404,State Public Charter School Authority,statewide_online,confirmed_charter_high_school,school_level_acgr_recovered,yes,school_year_panel,Recovered from the Nevada Report Card cohort portal as Nevada Virtual Academy.
2013-14,Nevada Connections Acad,18405,State Public Charter School Authority,statewide_online,confirmed_charter_high_school,school_level_acgr_recovered,yes,school_year_panel,Recovered from the Nevada Report Card cohort portal as Nevada Connections Academy.
2013-14,Quest Academy,18408,State Public Charter School Authority,brick_and_mortar,confirmed_charter_high_school,school_level_acgr_recovered,yes,school_year_panel,Recovered from the Nevada Report Card cohort portal; later crosswalk remains unresolved.
2013-14,Beacon Acad,18409,State Public Charter School Authority,alternative,confirmed_charter_high_school,school_level_acgr_recovered,yes,school_year_panel,Recovered from the Nevada Report Card cohort portal as Beacon Academy of Nevada.
2013-14,Alpine Acad,18412,State Public Charter School Authority,alternative,confirmed_charter_high_school,school_level_acgr_recovered,yes,school_year_panel,Recovered from the Nevada Report Card cohort portal as Alpine Academy.
2013-14,Innovations Int'l Charter J-SHS,02363,Clark County School District,brick_and_mortar,confirmed_charter_high_school,school_level_acgr_recovered,yes,school_year_panel,Recovered from the Nevada Report Card cohort4yr portal as Innovations International Charter School of NV.
2013-14,Odyssey Charter Schools 9-12 HS,02614,Clark County School District,brick_and_mortar,confirmed_charter_high_school,school_level_acgr_recovered,yes,school_year_panel,Recovered from the Nevada Report Card cohort4yr portal as Odyssey Charter High School.
2013-14,Explore Knowledge Academy J-SHS,02616,Clark County School District,brick_and_mortar,confirmed_charter_high_school,school_level_acgr_recovered,yes,school_year_panel,Recovered from the Nevada Report Card cohort4yr portal as Explore Knowledge Academy Charter Secondary.
2013-14,The Delta Academy J-SHS,02621,Clark County School District,brick_and_mortar,confirmed_charter_high_school,school_level_acgr_recovered,yes,school_year_panel,Recovered from the Nevada Report Card cohort4yr portal as Delta Academy.
2013-14,Academy for Career Education Charter,16608,Washoe County School District,brick_and_mortar,confirmed_charter_high_school,school_level_acgr_recovered,yes,school_year_panel,Recovered from the Nevada Report Card cohort4yr portal as Academy of Career Education Charter School.
2013-14,Coral Academy of Science Charter,16312,Washoe County School District,brick_and_mortar,confirmed_charter_high_school,school_level_acgr_recovered,yes,school_year_panel,Recovered from the Nevada Report Card cohort4yr portal as Coral Academy Charter School Secondary.
2013-14,ICDA Charter HS,16604,Washoe County School District,alternative,confirmed_charter_high_school,school_level_acgr_recovered,yes,school_year_panel,Recovered from the Nevada Report Card cohort4yr portal as I Can Do Anything Charter High School.
2013-14,Rainshadow CCHS,16610,Washoe County School District,alternative,confirmed_charter_high_school,school_level_acgr_recovered,yes,school_year_panel,Recovered from the Nevada Report Card cohort4yr portal where entity 16610 appears as enCompass Academy.
2014-15,Argent Preparatory Academy,18400,State Public Charter School Authority,brick_and_mortar,confirmed_charter_high_school,school_level_acgr_recovered,yes,school_year_panel,Recovered from the Nevada Report Card cohort4yr portal where the legacy school is reported as Silver State High School and crosswalked here to the Silver State / Argent history.
2014-15,NSHS Legacy Single-Campus,18401,State Public Charter School Authority,brick_and_mortar,confirmed_charter_high_school,school_level_acgr_recovered,yes,school_year_panel,Recovered from the Nevada Report Card cohort4yr portal as the pre-campus-split Nevada State High School row.
2014-15,Nevada Virtual Charter,18404,State Public Charter School Authority,statewide_online,confirmed_charter_high_school,school_level_acgr_recovered,yes,school_year_panel,Recovered from the Nevada Report Card cohort4yr portal as Nevada Virtual Academy.
2014-15,Nevada Connections Acad,18405,State Public Charter School Authority,statewide_online,confirmed_charter_high_school,school_level_acgr_recovered,yes,school_year_panel,Recovered from the Nevada Report Card cohort4yr portal as Nevada Connections Academy.
2014-15,CASLV Sandy Ridge,18407,State Public Charter School Authority,brick_and_mortar,confirmed_charter_high_school,school_level_acgr_recovered,yes,school_year_panel,Recovered from the Nevada Report Card cohort4yr portal as Coral Academy of Science Las Vegas and aligned here to the later CASLV Sandy Ridge lineage.
2014-15,Quest Academy,18408,State Public Charter School Authority,brick_and_mortar,confirmed_charter_high_school,school_level_acgr_recovered,yes,school_year_panel,Recovered from the Nevada Report Card cohort4yr portal; later crosswalk remains unresolved.
2014-15,Beacon Acad,18409,State Public Charter School Authority,alternative,confirmed_charter_high_school,school_level_acgr_recovered,yes,school_year_panel,Recovered from the Nevada Report Card cohort4yr portal as Beacon Academy of Nevada.
2014-15,Alpine Acad,18412,State Public Charter School Authority,alternative,confirmed_charter_high_school,school_level_acgr_recovered,yes,school_year_panel,Recovered from the Nevada Report Card cohort4yr portal as Alpine Academy College Preparatory High School.
2014-15,Innovations Int'l Charter J-SHS,02363,Clark County School District,brick_and_mortar,confirmed_charter_high_school,school_level_acgr_recovered,yes,school_year_panel,Recovered from the Nevada Report Card cohort4yr portal as Innovations International Charter School of NV.
2014-15,Odyssey Charter Schools 9-12 HS,02614,Clark County School District,brick_and_mortar,confirmed_charter_high_school,school_level_acgr_recovered,yes,school_year_panel,Recovered from the Nevada Report Card cohort4yr portal as Odyssey Charter High School.
2014-15,Explore Knowledge Academy J-SHS,02616,Clark County School District,brick_and_mortar,confirmed_charter_high_school,no_usable_public_rate,hold,school_year_panel,Recovered from the Nevada Report Card cohort4yr portal as Explore Knowledge Academy Charter Secondary; the school appears in the graduation universe but the portal row shows no usable public rate.
2014-15,The Delta Academy J-SHS,02621,Clark County School District,brick_and_mortar,confirmed_charter_high_school,school_level_acgr_recovered,yes,school_year_panel,Recovered from the Nevada Report Card cohort4yr portal as Delta Academy.
2014-15,Academy for Career Education Charter,16608,Washoe County School District,brick_and_mortar,confirmed_charter_high_school,school_level_acgr_recovered,yes,school_year_panel,Recovered from the Nevada Report Card cohort4yr portal as Academy of Career Education Charter School.
2014-15,Coral Academy of Science Charter,16312,Washoe County School District,brick_and_mortar,confirmed_charter_high_school,school_level_acgr_recovered,yes,school_year_panel,Recovered from the Nevada Report Card cohort4yr portal as Coral Academy Charter School Secondary.
2014-15,ICDA Charter HS,16604,Washoe County School District,alternative,confirmed_charter_high_school,school_level_acgr_recovered,yes,school_year_panel,Recovered from the Nevada Report Card cohort4yr portal as I Can Do Anything Charter High School.
2014-15,Rainshadow CCHS,16610,Washoe County School District,alternative,confirmed_charter_high_school,school_level_acgr_recovered,yes,school_year_panel,Recovered from the Nevada Report Card cohort4yr portal where entity 16610 appears as enCompass Academy.
2015-16,NSHS Legacy Single-Campus,18401,State Public Charter School Authority,brick_and_mortar,confirmed_charter_high_school,school_level_acgr_recovered,yes,school_year_panel,Recovered from the Nevada Report Card cohort4yr portal as the pre-campus-split Nevada State High School row.
2015-16,Nevada Virtual Charter,18404,State Public Charter School Authority,statewide_online,confirmed_charter_high_school,school_level_acgr_recovered,yes,school_year_panel,Recovered from the Nevada Report Card cohort4yr portal as Nevada Virtual Academy.
2015-16,Nevada Connections Acad,18405,State Public Charter School Authority,statewide_online,confirmed_charter_high_school,school_level_acgr_recovered,yes,school_year_panel,Recovered from the Nevada Report Card cohort4yr portal as Nevada Connections Academy.
2015-16,CASLV Sandy Ridge,18407,State Public Charter School Authority,brick_and_mortar,confirmed_charter_high_school,school_level_acgr_recovered,yes,school_year_panel,Recovered from the Nevada Report Card cohort4yr portal as Coral Academy of Science Las Vegas and aligned here to the later CASLV Sandy Ridge lineage.
2015-16,Quest Academy,18408,State Public Charter School Authority,brick_and_mortar,confirmed_charter_high_school,school_level_acgr_recovered,yes,school_year_panel,Recovered from the Nevada Report Card cohort4yr portal; later crosswalk remains unresolved.
2015-16,Beacon Acad,18409,State Public Charter School Authority,alternative,confirmed_charter_high_school,school_level_acgr_recovered,yes,school_year_panel,Recovered from the Nevada Report Card cohort4yr portal as Beacon Academy of Nevada.
2015-16,Alpine Acad,18412,State Public Charter School Authority,alternative,confirmed_charter_high_school,school_level_acgr_recovered,yes,school_year_panel,Recovered from the Nevada Report Card cohort4yr portal as Alpine Academy.
2015-16,Innovations Int'l Charter J-SHS,02363,Clark County School District,brick_and_mortar,confirmed_charter_high_school,school_level_acgr_recovered,yes,school_year_panel,Recovered from the Nevada Report Card cohort4yr portal as Innovations International Charter School of NV.
2015-16,Odyssey Charter Schools 9-12 HS,02614,Clark County School District,brick_and_mortar,confirmed_charter_high_school,school_level_acgr_recovered,yes,school_year_panel,Recovered from the Nevada Report Card cohort4yr portal as Odyssey Charter High School.
2015-16,Explore Knowledge Academy J-SHS,02616,Clark County School District,brick_and_mortar,confirmed_charter_high_school,school_level_acgr_recovered,yes,school_year_panel,Recovered from the Nevada Report Card cohort4yr portal as Explore Knowledge Academy Charter Secondary.
2015-16,The Delta Academy J-SHS,02621,Clark County School District,brick_and_mortar,confirmed_charter_high_school,school_level_acgr_recovered,yes,school_year_panel,Recovered from the Nevada Report Card cohort4yr portal as Delta Academy.
2015-16,Academy for Career Education Charter,16608,Washoe County School District,brick_and_mortar,confirmed_charter_high_school,school_level_acgr_recovered,yes,school_year_panel,Recovered from the Nevada Report Card cohort4yr portal as Academy of Career Education Charter School.
2015-16,Coral Academy of Science Charter,16312,Washoe County School District,brick_and_mortar,confirmed_charter_high_school,school_level_acgr_recovered,yes,school_year_panel,Recovered from the Nevada Report Card cohort4yr portal as Coral Academy Charter School Secondary.
2015-16,ICDA Charter HS,16604,Washoe County School District,alternative,confirmed_charter_high_school,school_level_acgr_recovered,yes,school_year_panel,Recovered from the Nevada Report Card cohort4yr portal as I Can Do Anything Charter High School.
2015-16,Rainshadow CCHS,16610,Washoe County School District,alternative,confirmed_charter_high_school,school_level_acgr_recovered,yes,school_year_panel,Recovered from the Nevada Report Card cohort4yr portal where entity 16610 appears as enCompass Academy.
2016-17,Argent Preparatory Academy,18400,State Public Charter School Authority,brick_and_mortar,confirmed_charter_high_school,school_level_acgr_recovered,yes,school_year_panel,Recovered from the Nevada Report Card cohort4yr portal where the legacy school is reported as Silver State Charter School and crosswalked here to the Silver State / Argent history.
2016-17,NSHS Legacy Single-Campus,18401,State Public Charter School Authority,brick_and_mortar,confirmed_charter_high_school,school_level_acgr_recovered,yes,school_year_panel,Recovered from the Nevada Report Card cohort4yr portal as the pre-campus-split Nevada State High School row.
2016-17,Nevada Virtual Charter,18404,State Public Charter School Authority,statewide_online,confirmed_charter_high_school,school_level_acgr_recovered,yes,school_year_panel,Recovered from the Nevada Report Card cohort4yr portal as Nevada Virtual Academy.
2016-17,Nevada Connections Acad,18405,State Public Charter School Authority,statewide_online,confirmed_charter_high_school,school_level_acgr_recovered,yes,school_year_panel,Recovered from the Nevada Report Card cohort4yr portal as Nevada Connections Academy.
2016-17,CASLV Sandy Ridge,18407,State Public Charter School Authority,brick_and_mortar,confirmed_charter_high_school,school_level_acgr_recovered,yes,school_year_panel,Recovered from the Nevada Report Card cohort4yr portal as Coral Academy of Science Las Vegas and aligned here to the later CASLV Sandy Ridge lineage.
2016-17,Quest Academy,18408,State Public Charter School Authority,brick_and_mortar,confirmed_charter_high_school,school_level_acgr_recovered,yes,school_year_panel,Recovered from the Nevada Report Card cohort4yr portal; later crosswalk remains unresolved.
2016-17,Beacon Acad,18409,State Public Charter School Authority,alternative,confirmed_charter_high_school,school_level_acgr_recovered,yes,school_year_panel,Recovered from the Nevada Report Card cohort4yr portal as Beacon Academy of Nevada.
2016-17,Alpine Acad,18412,State Public Charter School Authority,alternative,confirmed_charter_high_school,school_level_acgr_recovered,yes,school_year_panel,Recovered from the Nevada Report Card cohort4yr portal as Alpine Academy.
2016-17,Innovations Int'l Charter J-SHS,02363,Clark County School District,brick_and_mortar,confirmed_charter_high_school,school_level_acgr_recovered,yes,school_year_panel,Recovered from the downloaded Clark and Washoe multi-year CSV as Innovations International Charter School of NV.
2016-17,Odyssey Charter Schools 9-12 HS,02614,Clark County School District,brick_and_mortar,confirmed_charter_high_school,school_level_acgr_recovered,yes,school_year_panel,Recovered from the downloaded Clark and Washoe multi-year CSV as Odyssey Charter High School.
2016-17,Explore Knowledge Academy J-SHS,02616,Clark County School District,brick_and_mortar,confirmed_charter_high_school,school_level_acgr_recovered,yes,school_year_panel,Recovered from the downloaded Clark and Washoe multi-year CSV as Explore Knowledge Academy Charter Secondary.
2016-17,The Delta Academy J-SHS,02621,Clark County School District,alternative,confirmed_charter_high_school,school_level_acgr_recovered,yes,school_year_panel,Recovered from the downloaded Clark and Washoe multi-year CSV as Delta Academy.
2016-17,Academy for Career Education Charter,16608,Washoe County School District,brick_and_mortar,confirmed_charter_high_school,school_level_acgr_recovered,yes,school_year_panel,Recovered from the downloaded Clark and Washoe multi-year CSV as Academy of Career Education Charter School.
2016-17,Coral Academy of Science Charter,16312,Washoe County School District,brick_and_mortar,confirmed_charter_high_school,school_level_acgr_recovered,yes,school_year_panel,Recovered from the downloaded Clark and Washoe multi-year CSV as Coral Academy High School.
2016-17,ICDA Charter HS,16604,Washoe County School District,alternative,confirmed_charter_high_school,school_level_acgr_recovered,yes,school_year_panel,Recovered from the downloaded Clark and Washoe multi-year CSV as I Can Do Anything Charter High School.
2016-17,Rainshadow CCHS,16610,Washoe County School District,alternative,confirmed_charter_high_school,no_usable_public_rate,hold,school_year_panel,Recovered from the downloaded Clark and Washoe multi-year CSV where entity 16610 appears as enCompass Academy; the school is present in the graduation universe but the export shows no usable public rate.
2017-18,Innovations Int'l Charter J-SHS,02363,Clark County School District,brick_and_mortar,confirmed_charter_high_school,school_level_acgr_recovered,yes,legacy_control_file,Verified in the official 2017-18 annual ACGR file.
2018-19,Innovations Int'l Charter J-SHS,02363,Clark County School District,brick_and_mortar,confirmed_charter_high_school,school_level_acgr_recovered,yes,legacy_control_file,Verified in the official 2018-19 annual ACGR file.
2019-20,Innovations Int'l Charter J-SHS,02363,Clark County School District,brick_and_mortar,confirmed_charter_high_school,school_level_acgr_recovered,yes,legacy_control_file,Verified in the 2019-20 annual ACGR file.
2020-21,Innovations Int'l Charter J-SHS,02363,Clark County School District,brick_and_mortar,confirmed_charter_high_school,usable_published_rate,yes,school_year_panel,Confirmed in 2023-24 Nevada ACGR school table Verified from the 2020-21 annual ACGR file.
2021-22,Innovations Int'l Charter J-SHS,02363,Clark County School District,brick_and_mortar,confirmed_charter_high_school,usable_published_rate,yes,school_year_panel,Confirmed in 2023-24 Nevada ACGR school table Verified from the 2021-22 annual ACGR file.
2022-23,Innovations Int'l Charter J-SHS,02363,Clark County School District,brick_and_mortar,confirmed_charter_high_school,usable_published_rate,yes,school_year_panel,Confirmed in 2023-24 Nevada ACGR school table Verified from the 2022-23 annual ACGR file.
2023-24,Innovations Int'l Charter J-SHS,02363,Clark County School District,brick_and_mortar,confirmed_charter_high_school,usable_published_rate,yes,school_year_panel,Confirmed in 2023-24 Nevada ACGR school table Confirmed in cited graduation material for this class year.
2024-25,Innovations Int'l Charter J-SHS,02363,Clark County School District,brick_and_mortar,confirmed_charter_high_school,usable_published_rate,yes,school_year_panel,Verified from the official 2024-25 annual ACGR PDF.
2017-18,Odyssey Charter Schools 9-12 HS,02614,Clark County School District,brick_and_mortar,confirmed_charter_high_school,school_level_acgr_recovered,yes,legacy_control_file,Verified in the official 2017-18 annual ACGR file.
2018-19,Odyssey Charter Schools 9-12 HS,02614,Clark County School District,brick_and_mortar,confirmed_charter_high_school,school_level_acgr_recovered,yes,legacy_control_file,Verified in the 2018-19 annual ACGR file.
2019-20,Odyssey Charter Schools 9-12 HS,02614,Clark County School District,brick_and_mortar,confirmed_charter_high_school,school_level_acgr_recovered,yes,legacy_control_file,Verified in the 2019-20 annual ACGR file.
2020-21,Odyssey Charter Schools 9-12 HS,02614,Clark County School District,brick_and_mortar,confirmed_charter_high_school,usable_published_rate,yes,school_year_panel,Confirmed in 2023-24 Nevada ACGR school table Verified from the 2020-21 annual ACGR file.
2021-22,Odyssey Charter Schools 9-12 HS,02614,Clark County School District,brick_and_mortar,confirmed_charter_high_school,usable_published_rate,yes,school_year_panel,Confirmed in 2023-24 Nevada ACGR school table Verified from the 2021-22 annual ACGR file.
2022-23,Odyssey Charter Schools 9-12 HS,02614,Clark County School District,brick_and_mortar,confirmed_charter_high_school,usable_published_rate,yes,school_year_panel,Confirmed in 2023-24 Nevada ACGR school table Verified from the 2022-23 annual ACGR file.
2023-24,Odyssey Charter Schools 9-12 HS,02614,Clark County School District,brick_and_mortar,confirmed_charter_high_school,usable_published_rate,yes,school_year_panel,Confirmed in 2023-24 Nevada ACGR school table Confirmed in cited graduation material for this class year.
2024-25,Odyssey Charter Schools 9-12 HS,02614,Clark County School District,brick_and_mortar,confirmed_charter_high_school,usable_published_rate,yes,school_year_panel,Verified from the official 2024-25 annual ACGR PDF.
2017-18,Explore Knowledge Academy J-SHS,02616,Clark County School District,brick_and_mortar,confirmed_charter_high_school,school_level_acgr_recovered,yes,legacy_control_file,Verified in the official 2017-18 annual ACGR file.
2018-19,Explore Knowledge Academy J-SHS,02616,Clark County School District,brick_and_mortar,confirmed_charter_high_school,school_level_acgr_recovered,yes,legacy_control_file,Verified in the 2018-19 annual ACGR file.
2019-20,Explore Knowledge Academy J-SHS,02616,Clark County School District,brick_and_mortar,confirmed_charter_high_school,school_level_acgr_recovered,yes,legacy_control_file,Verified in the 2019-20 annual ACGR file.
2020-21,Explore Knowledge Academy J-SHS,02616,Clark County School District,brick_and_mortar,confirmed_charter_high_school,usable_published_rate,yes,school_year_panel,Verified from the official 2020-21 annual ACGR PDF where the school is reported above 95 percent.
2021-22,Explore Knowledge Academy J-SHS,02616,Clark County School District,brick_and_mortar,confirmed_charter_high_school,usable_published_rate,yes,school_year_panel,Confirmed in 2023-24 Nevada ACGR school table Verified from the 2021-22 annual ACGR file.
2022-23,Explore Knowledge Academy J-SHS,02616,Clark County School District,brick_and_mortar,confirmed_charter_high_school,usable_published_rate,yes,school_year_panel,Confirmed in 2023-24 Nevada ACGR school table Verified from the 2022-23 annual ACGR file.
2023-24,Explore Knowledge Academy J-SHS,02616,Clark County School District,brick_and_mortar,confirmed_charter_high_school,usable_published_rate,yes,school_year_panel,Confirmed in 2023-24 Nevada ACGR school table Confirmed in cited graduation material for this class year.
2024-25,Explore Knowledge Academy J-SHS,02616,Clark County School District,brick_and_mortar,confirmed_charter_high_school,usable_published_rate,yes,school_year_panel,Verified from the official 2024-25 annual ACGR PDF where the school is reported above 95 percent.
2017-18,The Delta Academy J-SHS,02621,Clark County School District,brick_and_mortar,confirmed_charter_high_school,school_level_acgr_recovered,yes,legacy_control_file,Verified in the official 2017-18 annual ACGR file.
2018-19,The Delta Academy J-SHS,02621,Clark County School District,brick_and_mortar,confirmed_charter_high_school,school_level_acgr_recovered,yes,legacy_control_file,Verified in the 2018-19 annual ACGR file.
2019-20,The Delta Academy J-SHS,02621,Clark County School District,brick_and_mortar,confirmed_charter_high_school,school_level_acgr_recovered,yes,legacy_control_file,Verified in the 2019-20 annual ACGR file.
2020-21,The Delta Academy J-SHS,02621,Clark County School District,brick_and_mortar,confirmed_charter_high_school,usable_published_rate,yes,school_year_panel,Confirmed in 2023-24 Nevada ACGR school table Verified from the 2020-21 annual ACGR file.
2021-22,The Delta Academy J-SHS,02621,Clark County School District,brick_and_mortar,confirmed_charter_high_school,usable_published_rate,yes,school_year_panel,Confirmed in 2023-24 Nevada ACGR school table Verified from the 2021-22 annual ACGR file.
2022-23,The Delta Academy J-SHS,02621,Clark County School District,brick_and_mortar,confirmed_charter_high_school,usable_published_rate,yes,school_year_panel,Confirmed in 2023-24 Nevada ACGR school table Verified from the 2022-23 annual ACGR file.
2023-24,The Delta Academy J-SHS,02621,Clark County School District,brick_and_mortar,confirmed_charter_high_school,usable_published_rate,yes,school_year_panel,Confirmed in 2023-24 Nevada ACGR school table Confirmed in cited graduation material for this class year.
2024-25,The Delta Academy J-SHS,02621,Clark County School District,brick_and_mortar,confirmed_charter_high_school,usable_published_rate,yes,school_year_panel,Verified from the official 2024-25 annual ACGR PDF.
2022-23,Explore Academy,107101,State Public Charter School Authority,brick_and_mortar,confirmed_no_grade12_enrollment,no_grade12_enrollment_found,no,school_year_panel,"The 2022-2023 enrollment workbook shows no grade 12 students for entity 107101, so this school-year is treated as outside the four-year graduation universe even though the high school program existed."
2023-24,Explore Academy,107101,State Public Charter School Authority,brick_and_mortar,confirmed_charter_high_school,usable_published_rate,yes,school_year_panel,Verified from the official 2023-24 annual ACGR PDF where Explore Academy is listed as an SPCSA high school.
2024-25,Explore Academy,107101,State Public Charter School Authority,brick_and_mortar,confirmed_charter_high_school,usable_published_rate,yes,school_year_panel,Verified from the official 2024-25 annual ACGR PDF where Explore Academy is listed as an SPCSA high school.
2022-23,Mater Academy East,49434,State Public Charter School Authority,brick_and_mortar,confirmed_no_grade12_enrollment,no_grade12_enrollment_found,no,school_year_panel,"The 2022-2023 enrollment workbook shows no grade 12 students for entity 49434, so this school-year is treated as outside the four-year graduation universe even though the high school program existed."
2023-24,Mater Academy East,49434,State Public Charter School Authority,brick_and_mortar,confirmed_charter_high_school,usable_published_rate,yes,school_year_panel,Verified from the official 2023-24 annual ACGR PDF where Mater Academy East is listed above 95 percent.
2024-25,Mater Academy East,49434,State Public Charter School Authority,brick_and_mortar,confirmed_charter_high_school,usable_published_rate,yes,school_year_panel,Verified from the official 2024-25 annual ACGR PDF where Mater Academy East is listed above 95 percent.
2023-24,CASLV Cadence,87316,State Public Charter School Authority,brick_and_mortar,confirmed_no_grade12_enrollment,no_grade12_enrollment_found,no,school_year_panel,"The 2023-2024 enrollment workbook shows no grade 12 students for entity 87316, so this school-year is treated as outside the four-year graduation universe even though the high school program existed."
2024-25,CASLV Cadence,87316,State Public Charter School Authority,brick_and_mortar,confirmed_no_grade12_enrollment,no_grade12_enrollment_found,no,school_year_panel,"The 2024-2025 enrollment workbook shows no grade 12 students for entity 87316, so this school-year is treated as outside the four-year graduation universe even though the high school program existed."
2023-24,Southern Nevada Trades High School,95301,State Public Charter School Authority,brick_and_mortar,confirmed_no_grade12_enrollment,no_grade12_enrollment_found,no,school_year_panel,"The 2023-2024 enrollment workbook shows no grade 12 students for entity 95301, so this school-year is treated as outside the four-year graduation universe even though the school was operating."
2024-25,Southern Nevada Trades High School,95301,State Public Charter School Authority,brick_and_mortar,confirmed_charter_high_school,usable_published_rate,yes,school_year_panel,Verified from the official 2024-25 annual ACGR PDF; published ACGR row controls even though the current-year enrollment workbook shows no grade 12 students.
2024-25,Thrive Point Academy,96601,State Public Charter School Authority,alternative,confirmed_charter_high_school,usable_published_rate,yes,school_year_panel,Verified from the official 2024-25 annual ACGR PDF and aligned to Nevada's APF list.
2023-24,CIVICA Academy,110100,State Public Charter School Authority,brick_and_mortar,confirmed_no_grade12_enrollment,no_grade12_enrollment_found,no,school_year_panel,"The 2023-2024 enrollment workbook shows no grade 12 students for entity 110100, so this school-year is treated as outside the four-year graduation universe even though the high school program existed."
2024-25,CIVICA Academy,110100,State Public Charter School Authority,brick_and_mortar,confirmed_no_grade12_enrollment,no_grade12_enrollment_found,no,school_year_panel,"The 2024-2025 enrollment workbook shows no grade 12 students for entity 110100, so this school-year is treated as outside the four-year graduation universe even though the high school program existed."
2022-23,Young Women's Leadership Academy of Las Vegas,113100,State Public Charter School Authority,brick_and_mortar,confirmed_no_grade12_enrollment,no_grade12_enrollment_found,no,school_year_panel,"The 2022-2023 enrollment workbook shows no grade 12 students for entity 113100, so this school-year is treated as outside the four-year graduation universe even though the high school program existed."
2023-24,Young Women's Leadership Academy of Las Vegas,113100,State Public Charter School Authority,brick_and_mortar,confirmed_no_grade12_enrollment,no_grade12_enrollment_found,no,school_year_panel,"The 2023-2024 enrollment workbook shows no grade 12 students for entity 113100, so this school-year is treated as outside the four-year graduation universe even though the high school program existed."
2024-25,Young Women's Leadership Academy of Las Vegas,113100,State Public Charter School Authority,brick_and_mortar,confirmed_no_grade12_enrollment,no_grade12_enrollment_found,no,school_year_panel,"The 2024-2025 enrollment workbook shows no grade 12 students for entity 113100, so this school-year is treated as outside the four-year graduation universe even though the high school program existed."
2017-18,Academy for Career Education Charter,16608,Washoe County School District,brick_and_mortar,confirmed_charter_high_school,school_level_acgr_recovered,yes,legacy_control_file,Verified in the 2017-18 annual ACGR file.
2018-19,Academy for Career Education Charter,16608,Washoe County School District,brick_and_mortar,confirmed_charter_high_school,school_level_acgr_recovered,yes,legacy_control_file,Verified in the 2018-19 annual ACGR file.
2019-20,Academy for Career Education Charter,16608,Washoe County School District,brick_and_mortar,confirmed_charter_high_school,school_level_acgr_recovered,yes,legacy_control_file,Verified in the official 2019-20 annual ACGR file under the shortened Academy of Career Educa name.
2020-21,Academy for Career Education Charter,16608,Washoe County School District,brick_and_mortar,confirmed_charter_high_school,usable_published_rate,yes,school_year_panel,Needs validation against later school directory naming Verified from the 2020-21 annual ACGR file under the Academy For Career Education name.
2021-22,Academy for Career Education Charter,16608,Washoe County School District,brick_and_mortar,confirmed_charter_high_school,usable_published_rate,yes,school_year_panel,Needs validation against later school directory naming Verified from the 2021-22 annual ACGR file under the Academy For Career Education name.
2022-23,Academy for Career Education Charter,16608,Washoe County School District,brick_and_mortar,confirmed_charter_high_school,usable_published_rate,yes,school_year_panel,Needs validation against later school directory naming Verified from the 2022-23 annual ACGR file under the Academy For Career Education name.
2023-24,Academy for Career Education Charter,16608,Washoe County School District,brick_and_mortar,confirmed_charter_high_school,usable_published_rate,yes,school_year_panel,Needs validation against later school directory naming Verified from the 2023-24 annual ACGR file under the Academy For Career Education name.
2024-25,Academy for Career Education Charter,16608,Washoe County School District,brick_and_mortar,confirmed_charter_high_school,usable_published_rate,yes,school_year_panel,Verified from the official 2024-25 annual ACGR PDF under the Academy For Career Education name.
2017-18,Coral Academy of Science Charter,16312,Washoe County School District,brick_and_mortar,confirmed_charter_high_school,school_level_acgr_recovered,yes,legacy_control_file,Verified in the 2017-18 annual ACGR file.
2018-19,Coral Academy of Science Charter,16312,Washoe County School District,brick_and_mortar,confirmed_charter_high_school,school_level_acgr_recovered,yes,legacy_control_file,Verified in the 2018-19 annual ACGR file.
2019-20,Coral Academy of Science Charter,16312,Washoe County School District,brick_and_mortar,confirmed_charter_high_school,school_level_acgr_recovered,yes,legacy_control_file,Verified in the 2019-20 annual ACGR file.
2020-21,Coral Academy of Science Charter,16312,Washoe County School District,brick_and_mortar,confirmed_charter_high_school,usable_published_rate,yes,school_year_panel,Needs validation against later school directory naming Verified from the 2020-21 annual ACGR file under the Coral Academy High School name.
2021-22,Coral Academy of Science Charter,16312,Washoe County School District,brick_and_mortar,confirmed_charter_high_school,usable_published_rate,yes,school_year_panel,Needs validation against later school directory naming Verified from the 2021-22 annual ACGR file under the Coral Academy High School name.
2022-23,Coral Academy of Science Charter,16312,Washoe County School District,brick_and_mortar,confirmed_charter_high_school,usable_published_rate,yes,school_year_panel,Needs validation against later school directory naming Verified from the 2022-23 annual ACGR file under the Coral Academy High School name.
2023-24,Coral Academy of Science Charter,16312,Washoe County School District,brick_and_mortar,confirmed_charter_high_school,usable_published_rate,yes,school_year_panel,Needs validation against later school directory naming Verified from the 2023-24 annual ACGR file under the Coral Academy High School name.
2024-25,Coral Academy of Science Charter,16312,Washoe County School District,brick_and_mortar,confirmed_charter_high_school,usable_published_rate,yes,school_year_panel,Verified from the official 2024-25 annual ACGR PDF under the Coral Academy High School name.
2017-18,ICDA Charter HS,16604,Washoe County School District,alternative,confirmed_charter_high_school,school_level_acgr_recovered,yes,legacy_control_file,Verified in the 2017-18 annual ACGR file under the I Can Do Anything name.
2018-19,ICDA Charter HS,16604,Washoe County School District,alternative,confirmed_charter_high_school,school_level_acgr_recovered,yes,legacy_control_file,Verified in the 2018-19 annual ACGR file under the I Can Do Anything name.
2019-20,ICDA Charter HS,16604,Washoe County School District,alternative,confirmed_charter_high_school,school_level_acgr_recovered,yes,legacy_control_file,Verified in the 2019-20 annual ACGR file under the I Can Do Anything name.
2020-21,ICDA Charter HS,16604,Washoe County School District,alternative,confirmed_not_operating_in_enrollment_files,no_enrollment_row_found,no,school_year_panel,No row for entity 16604 appears in the 2020-2021 enrollment workbook
2021-22,ICDA Charter HS,16604,Washoe County School District,alternative,confirmed_not_operating_in_enrollment_files,no_enrollment_row_found,no,school_year_panel,No row for entity 16604 appears in the 2021-2022 enrollment workbook
2022-23,ICDA Charter HS,16604,Washoe County School District,alternative,confirmed_not_operating_in_enrollment_files,no_enrollment_row_found,no,school_year_panel,No row for entity 16604 appears in the 2022-2023 enrollment workbook
2023-24,ICDA Charter HS,16604,Washoe County School District,alternative,confirmed_not_operating_in_enrollment_files,no_enrollment_row_found,no,school_year_panel,No row for entity 16604 appears in the 2023-2024 enrollment workbook
2024-25,ICDA Charter HS,16604,Washoe County School District,alternative,confirmed_not_operating_in_enrollment_files,no_enrollment_row_found,no,school_year_panel,No row for entity 16604 appears in the 2024-2025 enrollment workbook
2017-18,Rainshadow CCHS,16610,Washoe County School District,alternative,confirmed_charter_high_school,school_level_acgr_recovered,yes,legacy_control_file,Entity 16610 appears in the annual ACGR material under the enCompass reporting name.
2018-19,Rainshadow CCHS,16610,Washoe County School District,alternative,confirmed_charter_high_school,school_level_acgr_recovered,yes,legacy_control_file,Entity 16610 appears in the annual ACGR material under the enCompass reporting name.
2019-20,Rainshadow CCHS,16610,Washoe County School District,alternative,in_universe_crosswalk_pending,school_level_acgr_recovered_via_entity_match,yes,legacy_control_file,Count once through entity 16610 while keeping the Rainshadow to enCompass naming transition explicit; the annual reporting name appears as enCompass Academy.
2020-21,Rainshadow CCHS,16610,Washoe County School District,alternative,confirmed_charter_high_school,usable_published_rate,yes,school_year_panel,Later naming may align to enCompass or other alternative program Verified from the 2020-21 annual ACGR file where entity 16610 appears as enCompass Academy.
2021-22,Rainshadow CCHS,16610,Washoe County School District,alternative,confirmed_charter_high_school,usable_published_rate,yes,school_year_panel,Later naming may align to enCompass or other alternative program Verified from the 2021-22 annual ACGR file where entity 16610 appears as enCompass Academy.
2022-23,Rainshadow CCHS,16610,Washoe County School District,alternative,confirmed_charter_high_school,usable_published_rate,yes,school_year_panel,Later naming may align to enCompass or other alternative program Verified from the 2022-23 annual ACGR file where entity 16610 appears as enCompass Academy.
2023-24,Rainshadow CCHS,16610,Washoe County School District,alternative,confirmed_charter_high_school,usable_published_rate,yes,school_year_panel,Later naming may align to enCompass or other alternative program Verified from the 2023-24 annual ACGR file where entity 16610 appears as enCompass Academy.
2024-25,Rainshadow CCHS,16610,Washoe County School District,alternative,confirmed_charter_high_school,usable_published_rate,yes,school_year_panel,Verified from the official 2024-25 annual ACGR PDF where entity 16610 appears as enCompass Academy.
2017-18,Alpine Acad,,State Public Charter School Authority,alternative,confirmed_charter_high_school,school_level_acgr_recovered,yes,legacy_control_file,Verified in the 2017-18 SPCSA annual report card.
2018-19,Alpine Acad,,State Public Charter School Authority,alternative,confirmed_charter_high_school,school_level_acgr_recovered,yes,legacy_control_file,Verified in the 2019-20 SPCSA graduation deck.
2019-20,Alpine Acad,,State Public Charter School Authority,alternative,confirmed_charter_high_school,school_level_acgr_recovered,yes,legacy_control_file,Verified in the 2019-20 SPCSA graduation deck.
2020-21,Alpine Acad,,State Public Charter School Authority,alternative,confirmed_charter_high_school,usable_published_rate,yes,school_year_panel,Entity id not captured in cited SPCSA deck Verified from 2021-22 SPCSA final deck reporting 2020-21 and 2021-22 rates.
2021-22,Alpine Acad,,State Public Charter School Authority,alternative,confirmed_charter_high_school,usable_published_rate,yes,school_year_panel,Entity id not captured in cited SPCSA deck Verified from SPCSA attachment citing NDE class of 2021-22 ACGR.
2022-23,Alpine Acad,,State Public Charter School Authority,alternative,confirmed_charter_high_school,usable_published_rate,yes,school_year_panel,Entity id not captured in cited SPCSA deck Confirmed in cited graduation material for this class year.
2023-24,Alpine Acad,,State Public Charter School Authority,alternative,confirmed_charter_high_school,usable_published_rate,yes,school_year_panel,Verified from the official 2023-24 annual ACGR PDF where Alpine Academy is reported above 95 percent.
2024-25,Alpine Acad,,State Public Charter School Authority,alternative,confirmed_charter_high_school,usable_published_rate,yes,school_year_panel,Verified from the SPCSA 2025 graduation deck citing NDE class of 2024-25 ACGR.
2017-18,Amplus Durango,,State Public Charter School Authority,brick_and_mortar,confirmed_charter_high_school,school_level_acgr_recovered,yes,legacy_control_file,Verified in the official 2017-18 annual ACGR file where the school appears under the American Preparatory Academy name.
2018-19,Amplus Durango,,State Public Charter School Authority,brick_and_mortar,confirmed_charter_high_school,school_level_acgr_recovered,yes,legacy_control_file,Verified in the 2019-20 SPCSA graduation deck.
2019-20,Amplus Durango,,State Public Charter School Authority,brick_and_mortar,confirmed_charter_high_school,school_level_acgr_recovered,yes,legacy_control_file,Verified in the 2019-20 SPCSA graduation deck.
2020-21,Amplus Durango,,State Public Charter School Authority,brick_and_mortar,confirmed_charter_high_school,usable_published_rate,yes,school_year_panel,Entity id not captured in cited SPCSA deck Verified from 2021-22 SPCSA final deck reporting 2020-21 and 2021-22 rates.
2021-22,Amplus Durango,,State Public Charter School Authority,brick_and_mortar,confirmed_charter_high_school,usable_published_rate,yes,school_year_panel,Entity id not captured in cited SPCSA deck Verified from SPCSA attachment citing NDE class of 2021-22 ACGR.
2022-23,Amplus Durango,,State Public Charter School Authority,brick_and_mortar,confirmed_charter_high_school,usable_published_rate,yes,school_year_panel,Entity id not captured in cited SPCSA deck Confirmed in cited graduation material for this class year.
2023-24,Amplus Durango,,State Public Charter School Authority,brick_and_mortar,confirmed_charter_high_school,usable_published_rate,yes,school_year_panel,Verified from the official 2023-24 annual ACGR PDF where Amplus Durango is reported above 95 percent.
2024-25,Amplus Durango,,State Public Charter School Authority,brick_and_mortar,confirmed_charter_high_school,usable_published_rate,yes,school_year_panel,Verified from the SPCSA 2025 graduation deck citing NDE class of 2024-25 ACGR.
2017-18,Argent Preparatory Academy,,State Public Charter School Authority,brick_and_mortar,confirmed_charter_high_school,school_level_acgr_recovered,yes,legacy_control_file,Verified in the 2017-18 SPCSA annual report card and should be crosswalked carefully to the Silver State history.
2018-19,Argent Preparatory Academy,,State Public Charter School Authority,brick_and_mortar,confirmed_not_operating_in_enrollment_files,no_enrollment_row_found,no,school_year_panel,No Argent or Silver State row appears in the 2018-2019 enrollment workbook
2019-20,Argent Preparatory Academy,,State Public Charter School Authority,brick_and_mortar,confirmed_not_operating_in_enrollment_files,no_enrollment_row_found,no,school_year_panel,No Argent or Silver State row appears in the 2019-2020 enrollment workbook
2020-21,Argent Preparatory Academy,,State Public Charter School Authority,brick_and_mortar,confirmed_not_operating_in_enrollment_files,no_enrollment_row_found,no,school_year_panel,No Argent or Silver State row appears in the 2020-2021 enrollment workbook
2021-22,Argent Preparatory Academy,,State Public Charter School Authority,brick_and_mortar,confirmed_not_operating_in_enrollment_files,no_enrollment_row_found,no,school_year_panel,No Argent or Silver State row appears in the 2021-2022 enrollment workbook
2022-23,Argent Preparatory Academy,,State Public Charter School Authority,brick_and_mortar,confirmed_not_operating_in_enrollment_files,no_enrollment_row_found,no,school_year_panel,No Argent or Silver State row appears in the 2022-2023 enrollment workbook
2023-24,Argent Preparatory Academy,,State Public Charter School Authority,brick_and_mortar,confirmed_not_operating_in_enrollment_files,no_enrollment_row_found,no,school_year_panel,No Argent or Silver State row appears in the 2023-2024 enrollment workbook
2024-25,Argent Preparatory Academy,,State Public Charter School Authority,brick_and_mortar,confirmed_not_operating_in_enrollment_files,no_enrollment_row_found,no,school_year_panel,No Argent or Silver State row appears in the 2024-2025 enrollment workbook
2017-18,Beacon Acad,,State Public Charter School Authority,alternative,confirmed_charter_high_school,school_level_acgr_recovered,yes,legacy_control_file,Verified in the 2017-18 SPCSA annual report card.
2018-19,Beacon Acad,,State Public Charter School Authority,alternative,confirmed_charter_high_school,school_level_acgr_recovered,yes,legacy_control_file,Verified in the 2019-20 SPCSA graduation deck.
2019-20,Beacon Acad,,State Public Charter School Authority,alternative,confirmed_charter_high_school,school_level_acgr_recovered,yes,legacy_control_file,Verified in the 2019-20 SPCSA graduation deck.
2020-21,Beacon Acad,,State Public Charter School Authority,alternative,confirmed_charter_high_school,usable_published_rate,yes,school_year_panel,SPCSA separately reports portfolio rates excluding Beacon Verified from 2021-22 SPCSA final deck reporting 2020-21 and 2021-22 rates.
2021-22,Beacon Acad,,State Public Charter School Authority,alternative,confirmed_charter_high_school,usable_published_rate,yes,school_year_panel,SPCSA separately reports portfolio rates excluding Beacon; transitioned to exclusively alternative education mission in December 2016 and is a strong candidate for separate reporting Verified from SPCSA attachment citing NDE class of 2021-22 ACGR.
2022-23,Beacon Acad,,State Public Charter School Authority,alternative,confirmed_charter_high_school,usable_published_rate,yes,school_year_panel,SPCSA separately reports portfolio rates excluding Beacon; transitioned to exclusively alternative education mission in December 2016 and is a strong candidate for separate reporting Confirmed in cited graduation material for this class year.
2023-24,Beacon Acad,,State Public Charter School Authority,alternative,confirmed_charter_high_school,usable_published_rate,yes,school_year_panel,Verified from the official 2023-24 annual ACGR PDF.
2024-25,Beacon Acad,,State Public Charter School Authority,alternative,confirmed_charter_high_school,usable_published_rate,yes,school_year_panel,Verified from the SPCSA 2025 graduation deck citing NDE class of 2024-25 ACGR.
2017-18,CASLV Sandy Ridge,87312,State Public Charter School Authority,brick_and_mortar,confirmed_charter_high_school,school_level_acgr_recovered,yes,school_year_panel,Verified from the official 2017-18 annual ACGR PDF as Coral Academy of Science Las Vegas Sandy Ridge.
2018-19,CASLV Sandy Ridge,,State Public Charter School Authority,brick_and_mortar,confirmed_charter_high_school,school_level_acgr_recovered,yes,legacy_control_file,Verified in the 2019-20 SPCSA graduation deck.
2019-20,CASLV Sandy Ridge,,State Public Charter School Authority,brick_and_mortar,confirmed_charter_high_school,school_level_acgr_recovered,yes,legacy_control_file,Verified in the 2019-20 SPCSA graduation deck.
2020-21,CASLV Sandy Ridge,,State Public Charter School Authority,brick_and_mortar,confirmed_charter_high_school,usable_published_rate,yes,school_year_panel,Entity id not captured in cited SPCSA deck Verified from 2021-22 SPCSA final deck reporting 2020-21 and 2021-22 rates.
2021-22,CASLV Sandy Ridge,,State Public Charter School Authority,brick_and_mortar,confirmed_charter_high_school,usable_published_rate,yes,school_year_panel,Entity id not captured in cited SPCSA deck Verified from SPCSA attachment citing NDE class of 2021-22 ACGR.
2022-23,CASLV Sandy Ridge,,State Public Charter School Authority,brick_and_mortar,confirmed_charter_high_school,usable_published_rate,yes,school_year_panel,Entity id not captured in cited SPCSA deck Confirmed in cited graduation material for this class year.
2023-24,CASLV Sandy Ridge,,State Public Charter School Authority,brick_and_mortar,confirmed_charter_high_school,usable_published_rate,yes,school_year_panel,Verified from the official 2023-24 annual ACGR PDF where Coral Academy Sandy Ridge is reported above 95 percent.
2024-25,CASLV Sandy Ridge,,State Public Charter School Authority,brick_and_mortar,confirmed_charter_high_school,usable_published_rate,yes,school_year_panel,Verified from the SPCSA 2025 graduation deck citing NDE class of 2024-25 ACGR.
2017-18,Democracy Prep,46300,Achievement School District,brick_and_mortar,confirmed_charter_high_school,school_level_acgr_recovered,yes,legacy_control_file,Verified in the official 2017-18 annual ACGR file as Democracy Prep at Agassi High under the Achievement School District.
2018-19,Democracy Prep,46300,Achievement School District,brick_and_mortar,confirmed_charter_high_school,school_level_acgr_recovered,yes,legacy_control_file,Verified in the official 2018-19 annual ACGR file as Democracy Prep at Agassi High under the Achievement School District.
2019-20,Democracy Prep,,State Public Charter School Authority,brick_and_mortar,confirmed_charter_high_school,school_level_acgr_recovered,yes,legacy_control_file,Verified in the 2019-20 SPCSA graduation deck and treated as the post-transition SPCSA successor row unless contrary evidence emerges.
2020-21,Democracy Prep,,State Public Charter School Authority,brick_and_mortar,confirmed_charter_high_school,usable_published_rate,yes,school_year_panel,Entity id not captured in cited SPCSA deck Verified from 2021-22 SPCSA final deck reporting 2020-21 and 2021-22 rates.
2021-22,Democracy Prep,,State Public Charter School Authority,brick_and_mortar,confirmed_charter_high_school,usable_published_rate,yes,school_year_panel,Entity id not captured in cited SPCSA deck Verified from SPCSA attachment citing NDE class of 2021-22 ACGR.
2022-23,Democracy Prep,,State Public Charter School Authority,brick_and_mortar,confirmed_charter_high_school,usable_published_rate,yes,school_year_panel,Entity id not captured in cited SPCSA deck Confirmed in cited graduation material for this class year.
2023-24,Democracy Prep,,State Public Charter School Authority,brick_and_mortar,confirmed_charter_high_school,usable_published_rate,yes,school_year_panel,Verified from the official 2023-24 annual ACGR PDF where the school is reported as Democracy Prep Agassi Campus.
2024-25,Democracy Prep,,State Public Charter School Authority,brick_and_mortar,confirmed_charter_high_school,usable_published_rate,yes,school_year_panel,Verified from the SPCSA 2025 graduation deck citing NDE class of 2024-25 ACGR.
2017-18,Doral Red Rock,,State Public Charter School Authority,brick_and_mortar,confirmed_charter_no_grade12_yet,no_grade12_enrollment_confirmed,no,school_year_panel,Entity id not captured in cited SPCSA deck The 2017-2018 enrollment workbook shows grades 1 through 11 only
2018-19,Doral Red Rock,,State Public Charter School Authority,brick_and_mortar,confirmed_charter_no_grade12_yet,no_grade12_enrollment_confirmed,no,school_year_panel,"The 2018-2019 enrollment workbook shows grades 1 through 11 only, so this campus did not yet belong in the 2018-19 four-year graduation universe."
2019-20,Doral Red Rock,,State Public Charter School Authority,brick_and_mortar,confirmed_charter_high_school,school_level_acgr_recovered,yes,legacy_control_file,Verified in the 2019-20 SPCSA graduation deck.
2020-21,Doral Red Rock,,State Public Charter School Authority,brick_and_mortar,confirmed_charter_high_school,usable_published_rate,yes,school_year_panel,Entity id not captured in cited SPCSA deck Verified from 2021-22 SPCSA final deck reporting 2020-21 and 2021-22 rates.
2021-22,Doral Red Rock,,State Public Charter School Authority,brick_and_mortar,confirmed_charter_high_school,usable_published_rate,yes,school_year_panel,Entity id not captured in cited SPCSA deck Verified from SPCSA attachment citing NDE class of 2021-22 ACGR.
2022-23,Doral Red Rock,,State Public Charter School Authority,brick_and_mortar,confirmed_charter_high_school,usable_published_rate,yes,school_year_panel,Entity id not captured in cited SPCSA deck Confirmed in cited graduation material for this class year.
2023-24,Doral Red Rock,,State Public Charter School Authority,brick_and_mortar,confirmed_charter_high_school,usable_published_rate,yes,school_year_panel,Verified from the official 2023-24 annual ACGR PDF where Doral Red Rock is reported above 95 percent.
2024-25,Doral Red Rock,,State Public Charter School Authority,brick_and_mortar,confirmed_charter_high_school,usable_published_rate,yes,school_year_panel,Verified from the SPCSA 2025 graduation deck citing NDE class of 2024-25 ACGR.
2017-18,Equipo Acad,,State Public Charter School Authority,alternative,confirmed_charter_high_school,usable_published_rate,yes,school_year_panel,Verified from the official 2017-18 annual ACGR PDF as Equipo Academy.
2018-19,Equipo Acad,,State Public Charter School Authority,alternative,confirmed_charter_high_school,usable_published_rate,yes,school_year_panel,Likely alternative/credit-recovery model; verify in directory Verified from 2019-20 SPCSA final deck reporting 2018-19 and 2019-20 rates.
2019-20,Equipo Acad,,State Public Charter School Authority,alternative,confirmed_charter_high_school,usable_published_rate,yes,school_year_panel,Likely alternative/credit-recovery model; verify in directory Verified from 2019-20 SPCSA final deck reporting 2018-19 and 2019-20 rates.
2020-21,Equipo Acad,,State Public Charter School Authority,alternative,confirmed_charter_high_school,usable_published_rate,yes,school_year_panel,Likely alternative/credit-recovery model; verify in directory Verified from 2021-22 SPCSA final deck reporting 2020-21 and 2021-22 rates.
2021-22,Equipo Acad,,State Public Charter School Authority,alternative,confirmed_charter_high_school,usable_published_rate,yes,school_year_panel,Likely alternative/credit-recovery model; verify in directory Verified from SPCSA attachment citing NDE class of 2021-22 ACGR.
2022-23,Equipo Acad,,State Public Charter School Authority,alternative,confirmed_charter_high_school,usable_published_rate,yes,school_year_panel,Likely alternative/credit-recovery model; verify in directory Confirmed in cited graduation material for this class year.
2023-24,Equipo Acad,,State Public Charter School Authority,alternative,confirmed_charter_high_school,usable_published_rate,yes,school_year_panel,Verified from the official 2023-24 annual ACGR PDF.
2024-25,Equipo Acad,,State Public Charter School Authority,alternative,confirmed_charter_high_school,usable_published_rate,yes,school_year_panel,Verified from the SPCSA 2025 graduation deck citing NDE class of 2024-25 ACGR.
2017-18,Founders Acad,,State Public Charter School Authority,brick_and_mortar,confirmed_charter_high_school,usable_published_rate,yes,school_year_panel,Verified from the official 2017-18 annual ACGR PDF as Founders Academy of Nevada.
2018-19,Founders Acad,,State Public Charter School Authority,brick_and_mortar,confirmed_charter_high_school,school_level_acgr_recovered,yes,legacy_control_file,Verified in the 2019-20 SPCSA graduation deck.
2019-20,Founders Acad,,State Public Charter School Authority,brick_and_mortar,confirmed_charter_high_school,school_level_acgr_recovered,yes,legacy_control_file,Verified in the 2019-20 SPCSA graduation deck.
2020-21,Founders Acad,,State Public Charter School Authority,brick_and_mortar,confirmed_charter_high_school,usable_published_rate,yes,school_year_panel,Entity id not captured in cited SPCSA deck Verified from 2021-22 SPCSA final deck reporting 2020-21 and 2021-22 rates.
2021-22,Founders Acad,,State Public Charter School Authority,brick_and_mortar,confirmed_charter_high_school,usable_published_rate,yes,school_year_panel,Entity id not captured in cited SPCSA deck Verified from SPCSA attachment citing NDE class of 2021-22 ACGR.
2022-23,Founders Acad,,State Public Charter School Authority,brick_and_mortar,confirmed_charter_high_school,usable_published_rate,yes,school_year_panel,Entity id not captured in cited SPCSA deck Confirmed in cited graduation material for this class year.
2023-24,Founders Acad,,State Public Charter School Authority,brick_and_mortar,confirmed_charter_high_school,usable_published_rate,yes,school_year_panel,Verified from the official 2023-24 annual ACGR PDF where Founders Academy is reported above 95 percent.
2024-25,Founders Acad,,State Public Charter School Authority,brick_and_mortar,confirmed_charter_high_school,usable_published_rate,yes,school_year_panel,Verified from the SPCSA 2025 graduation deck citing NDE class of 2024-25 ACGR.
2017-18,Leadership Acad,,State Public Charter School Authority,alternative,confirmed_charter_high_school,usable_published_rate,yes,school_year_panel,Verified from the official 2017-18 annual ACGR PDF as Leadership Academy of Nevada.
2018-19,Leadership Acad,,State Public Charter School Authority,alternative,confirmed_charter_high_school,usable_published_rate,yes,school_year_panel,Likely alternative/credit-recovery model; verify in directory Verified from 2019-20 SPCSA final deck reporting 2018-19 and 2019-20 rates.
2019-20,Leadership Acad,,State Public Charter School Authority,alternative,confirmed_charter_high_school,usable_published_rate,yes,school_year_panel,Likely alternative/credit-recovery model; verify in directory Verified from 2019-20 SPCSA final deck reporting 2018-19 and 2019-20 rates.
2020-21,Leadership Acad,,State Public Charter School Authority,alternative,confirmed_charter_high_school,usable_published_rate,yes,school_year_panel,Likely alternative/credit-recovery model; verify in directory Verified from 2021-22 SPCSA final deck reporting 2020-21 and 2021-22 rates.
2021-22,Leadership Acad,,State Public Charter School Authority,alternative,confirmed_charter_high_school,usable_published_rate,yes,school_year_panel,Likely alternative/credit-recovery model; verify in directory Verified from SPCSA attachment citing NDE class of 2021-22 ACGR.
2022-23,Leadership Acad,,State Public Charter School Authority,alternative,confirmed_charter_high_school,usable_published_rate,yes,school_year_panel,Likely alternative/credit-recovery model; verify in directory Confirmed in cited graduation material for this class year.
2023-24,Leadership Acad,,State Public Charter School Authority,alternative,confirmed_charter_high_school,usable_published_rate,yes,school_year_panel,Verified from the official 2023-24 annual ACGR PDF.
2024-25,Leadership Acad,,State Public Charter School Authority,alternative,confirmed_charter_high_school,usable_published_rate,yes,school_year_panel,Verified from the SPCSA 2025 graduation deck citing NDE class of 2024-25 ACGR.
2017-18,Nevada Connections Acad,,State Public Charter School Authority,statewide_online,confirmed_charter_high_school,school_level_acgr_recovered,yes,legacy_control_file,Verified in the 2017-18 SPCSA annual report card.
2018-19,Nevada Connections Acad,,State Public Charter School Authority,statewide_online,confirmed_charter_high_school,school_level_acgr_recovered,yes,legacy_control_file,Verified in the 2019-20 SPCSA graduation deck.
2019-20,Nevada Connections Acad,,State Public Charter School Authority,statewide_online,confirmed_charter_high_school,school_level_acgr_recovered,yes,legacy_control_file,Verified in the 2019-20 SPCSA graduation deck.
2020-21,Nevada Connections Acad,,State Public Charter School Authority,statewide_online,confirmed_charter_high_school,usable_published_rate,yes,school_year_panel,Online school Verified from 2021-22 SPCSA final deck reporting 2020-21 and 2021-22 rates.
2021-22,Nevada Connections Acad,,State Public Charter School Authority,statewide_online,confirmed_charter_high_school,usable_published_rate,yes,school_year_panel,Online school Verified from SPCSA attachment citing NDE class of 2021-22 ACGR.
2022-23,Nevada Connections Acad,,State Public Charter School Authority,statewide_online,confirmed_charter_high_school,usable_published_rate,yes,school_year_panel,Online school Confirmed in cited graduation material for this class year.
2023-24,Nevada Connections Acad,,State Public Charter School Authority,statewide_online,confirmed_charter_high_school,usable_published_rate,yes,school_year_panel,Verified from the official 2023-24 annual ACGR PDF.
2024-25,Nevada Connections Acad,,State Public Charter School Authority,statewide_online,confirmed_charter_high_school,usable_published_rate,yes,school_year_panel,Verified from the SPCSA 2025 graduation deck citing NDE class of 2024-25 ACGR.
2017-18,Nevada Virtual Charter,,State Public Charter School Authority,statewide_online,confirmed_charter_high_school,school_level_acgr_recovered,yes,legacy_control_file,Verified in the 2017-18 SPCSA annual report card.
2018-19,Nevada Virtual Charter,,State Public Charter School Authority,statewide_online,confirmed_charter_high_school,school_level_acgr_recovered,yes,legacy_control_file,Verified in the 2019-20 SPCSA graduation deck.
2019-20,Nevada Virtual Charter,,State Public Charter School Authority,statewide_online,confirmed_charter_high_school,school_level_acgr_recovered,yes,legacy_control_file,Verified in the 2019-20 SPCSA graduation deck.
2020-21,Nevada Virtual Charter,,State Public Charter School Authority,statewide_online,confirmed_charter_high_school,usable_published_rate,yes,school_year_panel,Online school Verified from 2021-22 SPCSA final deck reporting 2020-21 and 2021-22 rates.
2021-22,Nevada Virtual Charter,,State Public Charter School Authority,statewide_online,confirmed_charter_high_school,usable_published_rate,yes,school_year_panel,Online school Verified from SPCSA attachment citing NDE class of 2021-22 ACGR.
2022-23,Nevada Virtual Charter,,State Public Charter School Authority,statewide_online,confirmed_charter_high_school,usable_published_rate,yes,school_year_panel,Online school Confirmed in cited graduation material for this class year.
2023-24,Nevada Virtual Charter,,State Public Charter School Authority,statewide_online,confirmed_charter_high_school,usable_published_rate,yes,school_year_panel,Verified from the official 2023-24 annual ACGR PDF.
2024-25,Nevada Virtual Charter,,State Public Charter School Authority,statewide_online,confirmed_charter_high_school,usable_published_rate,yes,school_year_panel,Verified from the SPCSA 2025 graduation deck citing NDE class of 2024-25 ACGR.
2017-18,NSHS Downtown,,State Public Charter School Authority,brick_and_mortar,confirmed_charter_high_school,usable_published_rate,yes,school_year_panel,Verified from the official 2017-18 annual ACGR PDF as Nevada State High School Downtown.
2018-19,NSHS Downtown,,State Public Charter School Authority,brick_and_mortar,confirmed_charter_high_school,usable_published_rate,yes,school_year_panel,Nevada State High School campus Verified from 2019-20 SPCSA final deck reporting 2018-19 and 2019-20 rates.
2019-20,NSHS Downtown,,State Public Charter School Authority,brick_and_mortar,confirmed_charter_high_school,usable_published_rate,yes,school_year_panel,Nevada State High School campus Verified from 2019-20 SPCSA final deck reporting 2018-19 and 2019-20 rates.
2020-21,NSHS Downtown,,State Public Charter School Authority,brick_and_mortar,confirmed_charter_high_school,usable_published_rate,yes,school_year_panel,Nevada State High School campus Verified from 2021-22 SPCSA final deck reporting 2020-21 and 2021-22 rates.
2021-22,NSHS Downtown,,State Public Charter School Authority,brick_and_mortar,confirmed_charter_high_school,usable_published_rate,yes,school_year_panel,Nevada State High School campus Verified from SPCSA attachment citing NDE class of 2021-22 ACGR.
2022-23,NSHS Downtown,,State Public Charter School Authority,brick_and_mortar,confirmed_charter_high_school,usable_published_rate,yes,school_year_panel,Nevada State High School campus Confirmed in cited graduation material for this class year.
2023-24,NSHS Downtown,,State Public Charter School Authority,brick_and_mortar,confirmed_charter_high_school,usable_published_rate,yes,school_year_panel,Verified from the official 2023-24 annual ACGR PDF where the campus is reported above 95 percent.
2024-25,NSHS Downtown,,State Public Charter School Authority,brick_and_mortar,confirmed_charter_high_school,usable_published_rate,yes,school_year_panel,Verified from the SPCSA 2025 graduation deck citing NDE class of 2024-25 ACGR.
2017-18,NSHS Dtwn Henderson,,State Public Charter School Authority,brick_and_mortar,confirmed_not_operating_in_enrollment_files,no_enrollment_row_found,no,school_year_panel,Nevada State High School Downtown Henderson does not appear in the 2017-2018 enrollment workbook and is treated as outside the four-year graduation universe for this class year.
2018-19,NSHS Dtwn Henderson,,State Public Charter School Authority,brick_and_mortar,confirmed_not_operating_in_enrollment_files,no_enrollment_row_found,no,school_year_panel,Nevada State High School Downtown Henderson does not appear in the 2018-2019 enrollment workbook and is treated as outside the four-year graduation universe for this class year.
2019-20,NSHS Dtwn Henderson,,State Public Charter School Authority,brick_and_mortar,confirmed_not_operating_in_enrollment_files,no_enrollment_row_found,no,school_year_panel,Nevada State High School Downtown Henderson does not appear in the 2019-2020 enrollment workbook and is treated as outside the four-year graduation universe for this class year.
2020-21,NSHS Dtwn Henderson,,State Public Charter School Authority,brick_and_mortar,confirmed_charter_high_school,usable_published_rate,yes,school_year_panel,Nevada State High School campus Verified from 2021-22 SPCSA final deck reporting 2020-21 and 2021-22 rates.
2021-22,NSHS Dtwn Henderson,,State Public Charter School Authority,brick_and_mortar,confirmed_charter_high_school,usable_published_rate,yes,school_year_panel,Nevada State High School campus Verified from SPCSA attachment citing NDE class of 2021-22 ACGR.
2022-23,NSHS Dtwn Henderson,,State Public Charter School Authority,brick_and_mortar,confirmed_charter_high_school,usable_published_rate,yes,school_year_panel,Nevada State High School campus Confirmed in cited graduation material for this class year.
2023-24,NSHS Dtwn Henderson,,State Public Charter School Authority,brick_and_mortar,confirmed_charter_high_school,usable_published_rate,yes,school_year_panel,Verified from the official 2023-24 annual ACGR PDF where the campus is reported above 95 percent.
2024-25,NSHS Dtwn Henderson,,State Public Charter School Authority,brick_and_mortar,confirmed_charter_high_school,usable_published_rate,yes,school_year_panel,Verified from the SPCSA 2025 graduation deck citing NDE class of 2024-25 ACGR.
2017-18,NSHS Henderson,,State Public Charter School Authority,brick_and_mortar,confirmed_charter_high_school,usable_published_rate,yes,school_year_panel,Verified from the official 2017-18 annual ACGR PDF as Nevada State High School Henderson.
2018-19,NSHS Henderson,,State Public Charter School Authority,brick_and_mortar,confirmed_charter_high_school,usable_published_rate,yes,school_year_panel,Nevada State High School campus Verified from 2019-20 SPCSA final deck reporting 2018-19 and 2019-20 rates.
2019-20,NSHS Henderson,,State Public Charter School Authority,brick_and_mortar,confirmed_charter_high_school,usable_published_rate,yes,school_year_panel,Nevada State High School campus Verified from 2019-20 SPCSA final deck reporting 2018-19 and 2019-20 rates.
2020-21,NSHS Henderson,,State Public Charter School Authority,brick_and_mortar,confirmed_charter_high_school,usable_published_rate,yes,school_year_panel,Nevada State High School campus Verified from 2021-22 SPCSA final deck reporting 2020-21 and 2021-22 rates.
2021-22,NSHS Henderson,,State Public Charter School Authority,brick_and_mortar,confirmed_charter_high_school,usable_published_rate,yes,school_year_panel,Nevada State High School campus Verified from SPCSA attachment citing NDE class of 2021-22 ACGR.
2022-23,NSHS Henderson,,State Public Charter School Authority,brick_and_mortar,confirmed_charter_high_school,usable_published_rate,yes,school_year_panel,Nevada State High School campus Confirmed in cited graduation material for this class year.
2023-24,NSHS Henderson,,State Public Charter School Authority,brick_and_mortar,confirmed_charter_high_school,usable_published_rate,yes,school_year_panel,Verified from the official 2023-24 annual ACGR PDF where the campus is reported above 95 percent.
2024-25,NSHS Henderson,,State Public Charter School Authority,brick_and_mortar,confirmed_charter_high_school,usable_published_rate,yes,school_year_panel,Verified from the SPCSA 2025 graduation deck citing NDE class of 2024-25 ACGR.
2017-18,NSHS Meadowwood,,State Public Charter School Authority,brick_and_mortar,confirmed_not_operating_in_enrollment_files,no_enrollment_row_found,no,school_year_panel,Nevada State High School Meadowwood does not appear in the 2017-2018 enrollment workbook and is treated as outside the four-year graduation universe for this class year.
2018-19,NSHS Meadowwood,,State Public Charter School Authority,brick_and_mortar,confirmed_charter_high_school,small_n_no_usable_exact_rate,hold,school_year_panel,Nevada State High School campus School status verified from 2019-20 SPCSA final deck; public rate unavailable or not applicable for this class year.
2019-20,NSHS Meadowwood,,State Public Charter School Authority,brick_and_mortar,confirmed_charter_high_school,usable_published_rate,yes,school_year_panel,Nevada State High School campus Verified from 2019-20 SPCSA final deck reporting 2018-19 and 2019-20 rates.
2020-21,NSHS Meadowwood,,State Public Charter School Authority,brick_and_mortar,confirmed_charter_high_school,usable_published_rate,yes,school_year_panel,Nevada State High School campus Verified from 2021-22 SPCSA final deck reporting 2020-21 and 2021-22 rates.
2021-22,NSHS Meadowwood,,State Public Charter School Authority,brick_and_mortar,confirmed_charter_high_school,usable_published_rate,yes,school_year_panel,Nevada State High School campus Verified from SPCSA attachment citing NDE class of 2021-22 ACGR.
2022-23,NSHS Meadowwood,,State Public Charter School Authority,brick_and_mortar,confirmed_charter_high_school,usable_published_rate,yes,school_year_panel,Nevada State High School campus Confirmed in cited graduation material for this class year.
2023-24,NSHS Meadowwood,,State Public Charter School Authority,brick_and_mortar,confirmed_charter_high_school,usable_published_rate,yes,school_year_panel,Verified from the official 2023-24 annual ACGR PDF where the campus is reported above 95 percent.
2024-25,NSHS Meadowwood,104101,State Public Charter School Authority,brick_and_mortar,confirmed_charter_high_school,usable_published_rate,yes,school_year_panel,Verified from the official 2024-25 annual ACGR PDF where Nevada State High School II Meadowwood is reported as an SPCSA high school.
2017-18,NSHS North Las Vegas,,State Public Charter School Authority,brick_and_mortar,confirmed_not_operating_in_enrollment_files,no_enrollment_row_found,no,school_year_panel,Nevada State High School North Las Vegas does not appear in the 2017-2018 enrollment workbook and is treated as outside the four-year graduation universe for this class year.
2018-19,NSHS North Las Vegas,,State Public Charter School Authority,brick_and_mortar,confirmed_not_operating_in_enrollment_files,no_enrollment_row_found,no,school_year_panel,Nevada State High School North Las Vegas does not appear in the 2018-2019 enrollment workbook and is treated as outside the four-year graduation universe for this class year.
2019-20,NSHS North Las Vegas,,State Public Charter School Authority,brick_and_mortar,confirmed_not_operating_in_enrollment_files,no_enrollment_row_found,no,school_year_panel,Nevada State High School North Las Vegas does not appear in the 2019-2020 enrollment workbook and is treated as outside the four-year graduation universe for this class year.
2020-21,NSHS North Las Vegas,,State Public Charter School Authority,brick_and_mortar,confirmed_not_operating_in_enrollment_files,no_enrollment_row_found,no,school_year_panel,Nevada State High School North Las Vegas does not appear in the 2020-2021 enrollment workbook and is treated as outside the four-year graduation universe for this class year.
2021-22,NSHS North Las Vegas,,State Public Charter School Authority,brick_and_mortar,confirmed_not_operating_in_enrollment_files,no_enrollment_row_found,no,school_year_panel,Nevada State High School North Las Vegas does not appear in the 2021-2022 enrollment workbook and is treated as outside the four-year graduation universe for this class year.
2022-23,NSHS North Las Vegas,,State Public Charter School Authority,brick_and_mortar,confirmed_charter_high_school,usable_published_rate,yes,school_year_panel,Nevada State High School campus Confirmed in cited graduation material for this class year.
2023-24,NSHS North Las Vegas,,State Public Charter School Authority,brick_and_mortar,confirmed_charter_high_school,usable_published_rate,yes,school_year_panel,Verified from the official 2023-24 annual ACGR PDF where the campus is reported above 95 percent.
2024-25,NSHS North Las Vegas,,State Public Charter School Authority,brick_and_mortar,confirmed_charter_high_school,usable_published_rate,yes,school_year_panel,Verified from the SPCSA 2025 graduation deck citing NDE class of 2024-25 ACGR.
2017-18,NSHS Northwest,,State Public Charter School Authority,brick_and_mortar,confirmed_not_operating_in_enrollment_files,no_enrollment_row_found,no,school_year_panel,Nevada State High School Northwest does not appear in the 2017-2018 enrollment workbook and is treated as outside the four-year graduation universe for this class year.
2018-19,NSHS Northwest,,State Public Charter School Authority,brick_and_mortar,confirmed_not_operating_in_enrollment_files,no_enrollment_row_found,no,school_year_panel,Nevada State High School Northwest does not appear in the 2018-2019 enrollment workbook and is treated as outside the four-year graduation universe for this class year.
2019-20,NSHS Northwest,,State Public Charter School Authority,brick_and_mortar,confirmed_not_operating_in_enrollment_files,no_enrollment_row_found,no,school_year_panel,Nevada State High School Northwest does not appear in the 2019-2020 enrollment workbook and is treated as outside the four-year graduation universe for this class year.
2020-21,NSHS Northwest,,State Public Charter School Authority,brick_and_mortar,confirmed_charter_high_school,usable_published_rate,yes,school_year_panel,Nevada State High School campus Verified from 2021-22 SPCSA final deck reporting 2020-21 and 2021-22 rates.
2021-22,NSHS Northwest,,State Public Charter School Authority,brick_and_mortar,confirmed_charter_high_school,usable_published_rate,yes,school_year_panel,Nevada State High School campus Verified from SPCSA attachment citing NDE class of 2021-22 ACGR.
2022-23,NSHS Northwest,,State Public Charter School Authority,brick_and_mortar,confirmed_charter_high_school,usable_published_rate,yes,school_year_panel,Nevada State High School campus Confirmed in cited graduation material for this class year.
2023-24,NSHS Northwest,,State Public Charter School Authority,brick_and_mortar,confirmed_charter_high_school,usable_published_rate,yes,school_year_panel,Verified from the official 2023-24 annual ACGR PDF where the campus is reported above 95 percent.
2024-25,NSHS Northwest,,State Public Charter School Authority,brick_and_mortar,confirmed_charter_high_school,usable_published_rate,yes,school_year_panel,Verified from the SPCSA 2025 graduation deck citing NDE class of 2024-25 ACGR.
2017-18,NSHS Southwest,,State Public Charter School Authority,brick_and_mortar,confirmed_not_operating_in_enrollment_files,no_enrollment_row_found,no,school_year_panel,Nevada State High School Southwest does not appear in the 2017-2018 enrollment workbook and is treated as outside the four-year graduation universe for this class year.
2018-19,NSHS Southwest,,State Public Charter School Authority,brick_and_mortar,confirmed_not_operating_in_enrollment_files,no_enrollment_row_found,no,school_year_panel,Nevada State High School Southwest does not appear in the 2018-2019 enrollment workbook and is treated as outside the four-year graduation universe for this class year.
2019-20,NSHS Southwest,,State Public Charter School Authority,brick_and_mortar,confirmed_charter_high_school,usable_published_rate,yes,school_year_panel,Nevada State High School campus Verified from 2019-20 SPCSA final deck reporting 2018-19 and 2019-20 rates.
2020-21,NSHS Southwest,,State Public Charter School Authority,brick_and_mortar,confirmed_charter_high_school,usable_published_rate,yes,school_year_panel,Nevada State High School campus Verified from 2021-22 SPCSA final deck reporting 2020-21 and 2021-22 rates.
2021-22,NSHS Southwest,,State Public Charter School Authority,brick_and_mortar,confirmed_charter_high_school,usable_published_rate,yes,school_year_panel,Nevada State High School campus Verified from SPCSA attachment citing NDE class of 2021-22 ACGR.
2022-23,NSHS Southwest,,State Public Charter School Authority,brick_and_mortar,confirmed_charter_high_school,usable_published_rate,yes,school_year_panel,Nevada State High School campus Confirmed in cited graduation material for this class year.
2023-24,NSHS Southwest,,State Public Charter School Authority,brick_and_mortar,confirmed_charter_high_school,usable_published_rate,yes,school_year_panel,Verified from the official 2023-24 annual ACGR PDF where the campus is reported above 95 percent.
2024-25,NSHS Southwest,,State Public Charter School Authority,brick_and_mortar,confirmed_charter_high_school,usable_published_rate,yes,school_year_panel,Verified from the SPCSA 2025 graduation deck citing NDE class of 2024-25 ACGR.
2017-18,NSHS Summerlin,,State Public Charter School Authority,brick_and_mortar,confirmed_charter_high_school,usable_published_rate,yes,school_year_panel,Verified from the official 2017-18 annual ACGR PDF as Nevada State High School Summerlin.
2018-19,NSHS Summerlin,,State Public Charter School Authority,brick_and_mortar,confirmed_charter_high_school,usable_published_rate,yes,school_year_panel,Nevada State High School campus Verified from 2019-20 SPCSA final deck reporting 2018-19 and 2019-20 rates.
2019-20,NSHS Summerlin,,State Public Charter School Authority,brick_and_mortar,confirmed_charter_high_school,usable_published_rate,yes,school_year_panel,Nevada State High School campus Verified from 2019-20 SPCSA final deck reporting 2018-19 and 2019-20 rates.
2020-21,NSHS Summerlin,,State Public Charter School Authority,brick_and_mortar,confirmed_charter_high_school,usable_published_rate,yes,school_year_panel,Nevada State High School campus Verified from 2021-22 SPCSA final deck reporting 2020-21 and 2021-22 rates.
2021-22,NSHS Summerlin,,State Public Charter School Authority,brick_and_mortar,confirmed_charter_high_school,usable_published_rate,yes,school_year_panel,Nevada State High School campus Verified from SPCSA attachment citing NDE class of 2021-22 ACGR.
2022-23,NSHS Summerlin,,State Public Charter School Authority,brick_and_mortar,confirmed_charter_high_school,usable_published_rate,yes,school_year_panel,Nevada State High School campus Confirmed in cited graduation material for this class year.
2023-24,NSHS Summerlin,,State Public Charter School Authority,brick_and_mortar,confirmed_charter_high_school,usable_published_rate,yes,school_year_panel,Verified from the official 2023-24 annual ACGR PDF where the campus is reported above 95 percent.
2024-25,NSHS Summerlin,,State Public Charter School Authority,brick_and_mortar,confirmed_charter_high_school,usable_published_rate,yes,school_year_panel,Verified from the SPCSA 2025 graduation deck citing NDE class of 2024-25 ACGR.
2017-18,NSHS Sunrise,,State Public Charter School Authority,brick_and_mortar,confirmed_not_operating_in_enrollment_files,no_enrollment_row_found,no,school_year_panel,Nevada State High School Sunrise does not appear in the 2017-2018 enrollment workbook and is treated as outside the four-year graduation universe for this class year.
2018-19,NSHS Sunrise,,State Public Charter School Authority,brick_and_mortar,confirmed_charter_high_school,usable_published_rate,yes,school_year_panel,Nevada State High School campus Verified from 2019-20 SPCSA final deck reporting 2018-19 and 2019-20 rates.
2019-20,NSHS Sunrise,,State Public Charter School Authority,brick_and_mortar,confirmed_charter_high_school,usable_published_rate,yes,school_year_panel,Nevada State High School campus Verified from 2019-20 SPCSA final deck reporting 2018-19 and 2019-20 rates.
2020-21,NSHS Sunrise,,State Public Charter School Authority,brick_and_mortar,confirmed_charter_high_school,usable_published_rate,yes,school_year_panel,Nevada State High School campus Verified from 2021-22 SPCSA final deck reporting 2020-21 and 2021-22 rates.
2021-22,NSHS Sunrise,,State Public Charter School Authority,brick_and_mortar,confirmed_charter_high_school,usable_published_rate,yes,school_year_panel,Nevada State High School campus Verified from SPCSA attachment citing NDE class of 2021-22 ACGR.
2022-23,NSHS Sunrise,,State Public Charter School Authority,brick_and_mortar,confirmed_charter_high_school,usable_published_rate,yes,school_year_panel,Nevada State High School campus Confirmed in cited graduation material for this class year.
2023-24,NSHS Sunrise,,State Public Charter School Authority,brick_and_mortar,confirmed_charter_high_school,usable_published_rate,yes,school_year_panel,Verified from the official 2023-24 annual ACGR PDF where the campus is reported above 95 percent.
2024-25,NSHS Sunrise,,State Public Charter School Authority,brick_and_mortar,confirmed_charter_high_school,usable_published_rate,yes,school_year_panel,Verified from the SPCSA 2025 graduation deck citing NDE class of 2024-25 ACGR.
2017-18,Oasis Acad,,State Public Charter School Authority,brick_and_mortar,confirmed_charter_high_school,school_level_acgr_recovered,yes,legacy_control_file,Verified in the 2017-18 SPCSA annual report card.
2018-19,Oasis Acad,,State Public Charter School Authority,brick_and_mortar,confirmed_charter_high_school,school_level_acgr_recovered,yes,legacy_control_file,Verified in the 2019-20 SPCSA graduation deck.
2019-20,Oasis Acad,,State Public Charter School Authority,brick_and_mortar,confirmed_charter_high_school,school_level_acgr_recovered,yes,legacy_control_file,Verified in the 2019-20 SPCSA graduation deck.
2020-21,Oasis Acad,,State Public Charter School Authority,brick_and_mortar,confirmed_charter_high_school,usable_published_rate,yes,school_year_panel,Entity id not captured in cited SPCSA deck Verified from 2021-22 SPCSA final deck reporting 2020-21 and 2021-22 rates.
2021-22,Oasis Acad,,State Public Charter School Authority,brick_and_mortar,confirmed_charter_high_school,usable_published_rate,yes,school_year_panel,Entity id not captured in cited SPCSA deck Verified from SPCSA attachment citing NDE class of 2021-22 ACGR.
2022-23,Oasis Acad,,State Public Charter School Authority,brick_and_mortar,confirmed_charter_high_school,usable_published_rate,yes,school_year_panel,Entity id not captured in cited SPCSA deck Confirmed in cited graduation material for this class year.
2023-24,Oasis Acad,,State Public Charter School Authority,brick_and_mortar,confirmed_charter_high_school,usable_published_rate,yes,school_year_panel,Verified from the official 2023-24 annual ACGR PDF where Oasis Academy is reported above 95 percent.
2024-25,Oasis Acad,,State Public Charter School Authority,brick_and_mortar,confirmed_charter_high_school,usable_published_rate,yes,school_year_panel,Verified from the SPCSA 2025 graduation deck citing NDE class of 2024-25 ACGR.
2017-18,Pinecrest Cadence,,State Public Charter School Authority,brick_and_mortar,confirmed_no_grade12_enrollment,no_grade12_enrollment_found,no,school_year_panel,"The 2017-2018 enrollment workbook shows grades 1 through 10 only, so this campus did not yet belong in the 2017-18 four-year graduation universe."
2018-19,Pinecrest Cadence,,State Public Charter School Authority,brick_and_mortar,confirmed_no_grade12_enrollment,no_grade12_enrollment_found,no,school_year_panel,"The 2018-2019 enrollment workbook shows grades 1 through 11 only, so this campus did not yet belong in the 2018-19 four-year graduation universe."
2019-20,Pinecrest Cadence,,State Public Charter School Authority,brick_and_mortar,confirmed_charter_high_school,school_level_acgr_recovered,yes,legacy_control_file,Verified in the 2019-20 SPCSA graduation deck.
2020-21,Pinecrest Cadence,,State Public Charter School Authority,brick_and_mortar,confirmed_charter_high_school,usable_published_rate,yes,school_year_panel,Entity id not captured in cited SPCSA deck Verified from 2021-22 SPCSA final deck reporting 2020-21 and 2021-22 rates.
2021-22,Pinecrest Cadence,,State Public Charter School Authority,brick_and_mortar,confirmed_charter_high_school,usable_published_rate,yes,school_year_panel,Entity id not captured in cited SPCSA deck Verified from SPCSA attachment citing NDE class of 2021-22 ACGR.
2022-23,Pinecrest Cadence,,State Public Charter School Authority,brick_and_mortar,confirmed_charter_high_school,usable_published_rate,yes,school_year_panel,Entity id not captured in cited SPCSA deck Confirmed in cited graduation material for this class year.
2023-24,Pinecrest Cadence,,State Public Charter School Authority,brick_and_mortar,confirmed_charter_high_school,usable_published_rate,yes,school_year_panel,Verified from the official 2023-24 annual ACGR PDF where Pinecrest Cadence is reported above 95 percent.
2024-25,Pinecrest Cadence,,State Public Charter School Authority,brick_and_mortar,confirmed_charter_high_school,usable_published_rate,yes,school_year_panel,Verified from the SPCSA 2025 graduation deck citing NDE class of 2024-25 ACGR.
2017-18,Pinecrest Sloan Canyon,,State Public Charter School Authority,brick_and_mortar,confirmed_not_operating_in_enrollment_files,no_enrollment_row_found,no,school_year_panel,Pinecrest Sloan Canyon does not appear in the 2017-2018 enrollment workbook and is treated as outside the four-year graduation universe for this class year.
2018-19,Pinecrest Sloan Canyon,,State Public Charter School Authority,brick_and_mortar,confirmed_no_grade12_enrollment,no_grade12_enrollment_found,no,school_year_panel,"The 2018-2019 enrollment workbook shows no 12th grade for Pinecrest Sloan Canyon, so this campus did not yet belong in the 2018-19 four-year graduation universe."
2019-20,Pinecrest Sloan Canyon,,State Public Charter School Authority,brick_and_mortar,confirmed_no_grade12_enrollment,no_grade12_enrollment_found,no,school_year_panel,"The 2019-2020 enrollment workbook shows no 12th grade for Pinecrest Sloan Canyon, so this campus did not yet belong in the 2019-20 four-year graduation universe."
2020-21,Pinecrest Sloan Canyon,,State Public Charter School Authority,brick_and_mortar,confirmed_no_grade12_enrollment,no_grade12_enrollment_found,no,school_year_panel,"The 2020-2021 enrollment workbook shows no 12th grade for Pinecrest Sloan Canyon, so this campus did not yet belong in the 2020-21 four-year graduation universe."
2021-22,Pinecrest Sloan Canyon,,State Public Charter School Authority,brick_and_mortar,confirmed_no_grade12_enrollment,no_grade12_enrollment_found,no,school_year_panel,"The 2021-2022 enrollment workbook shows grades through 11 only for Pinecrest Sloan Canyon, so this campus did not yet belong in the 2021-22 four-year graduation universe."
2022-23,Pinecrest Sloan Canyon,,State Public Charter School Authority,brick_and_mortar,confirmed_charter_high_school,usable_published_rate,yes,school_year_panel,Entity id not captured in cited SPCSA deck Confirmed in cited graduation material for this class year.
2023-24,Pinecrest Sloan Canyon,,State Public Charter School Authority,brick_and_mortar,confirmed_charter_high_school,usable_published_rate,yes,school_year_panel,Verified from the official 2023-24 annual ACGR PDF where Pinecrest Sloan Canyon is reported above 95 percent.
2024-25,Pinecrest Sloan Canyon,,State Public Charter School Authority,brick_and_mortar,confirmed_charter_high_school,usable_published_rate,yes,school_year_panel,Verified from the SPCSA 2025 graduation deck citing NDE class of 2024-25 ACGR.
2017-18,SLAM NV,,State Public Charter School Authority,brick_and_mortar,confirmed_no_grade12_enrollment,no_grade12_enrollment_found,no,school_year_panel,"The 2017-2018 enrollment workbook shows grades 6 through 10 only, so this campus did not yet belong in the 2017-18 four-year graduation universe."
2018-19,SLAM NV,,State Public Charter School Authority,brick_and_mortar,confirmed_no_grade12_enrollment,no_grade12_enrollment_found,no,school_year_panel,"The 2018-2019 enrollment workbook shows grades 6 through 11 only, so this campus did not yet belong in the 2018-19 four-year graduation universe."
2019-20,SLAM NV,,State Public Charter School Authority,brick_and_mortar,confirmed_charter_high_school,usable_published_rate,yes,school_year_panel,Entity id not captured in cited SPCSA deck Verified from 2019-20 SPCSA final deck reporting 2018-19 and 2019-20 rates.
2020-21,SLAM NV,,State Public Charter School Authority,brick_and_mortar,confirmed_charter_high_school,usable_published_rate,yes,school_year_panel,Entity id not captured in cited SPCSA deck Verified from 2021-22 SPCSA final deck reporting 2020-21 and 2021-22 rates.
2021-22,SLAM NV,,State Public Charter School Authority,brick_and_mortar,confirmed_charter_high_school,usable_published_rate,yes,school_year_panel,Entity id not captured in cited SPCSA deck Verified from SPCSA attachment citing NDE class of 2021-22 ACGR.
2022-23,SLAM NV,,State Public Charter School Authority,brick_and_mortar,confirmed_charter_high_school,usable_published_rate,yes,school_year_panel,Entity id not captured in cited SPCSA deck Confirmed in cited graduation material for this class year.
2023-24,SLAM NV,,State Public Charter School Authority,brick_and_mortar,confirmed_charter_high_school,usable_published_rate,yes,school_year_panel,Verified from the official 2023-24 annual ACGR PDF where Sports Leadership and Management Academy is reported above 95 percent.
2024-25,SLAM NV,,State Public Charter School Authority,brick_and_mortar,confirmed_charter_high_school,usable_published_rate,yes,school_year_panel,Verified from the SPCSA 2025 graduation deck citing NDE class of 2024-25 ACGR.
2017-18,Somerset Losee,,State Public Charter School Authority,brick_and_mortar,confirmed_charter_high_school,usable_published_rate,yes,school_year_panel,Verified from the official 2017-18 annual ACGR PDF as Somerset Academy Losee.
2018-19,Somerset Losee,,State Public Charter School Authority,brick_and_mortar,confirmed_charter_high_school,school_level_acgr_recovered,yes,legacy_control_file,Verified in the 2019-20 SPCSA graduation deck.
2019-20,Somerset Losee,,State Public Charter School Authority,brick_and_mortar,confirmed_charter_high_school,school_level_acgr_recovered,yes,legacy_control_file,Verified in the 2019-20 SPCSA graduation deck.
2020-21,Somerset Losee,,State Public Charter School Authority,brick_and_mortar,confirmed_charter_high_school,usable_published_rate,yes,school_year_panel,Entity id not captured in cited SPCSA deck Verified from 2021-22 SPCSA final deck reporting 2020-21 and 2021-22 rates.
2021-22,Somerset Losee,,State Public Charter School Authority,brick_and_mortar,confirmed_charter_high_school,usable_published_rate,yes,school_year_panel,Entity id not captured in cited SPCSA deck Verified from SPCSA attachment citing NDE class of 2021-22 ACGR.
2022-23,Somerset Losee,,State Public Charter School Authority,brick_and_mortar,confirmed_charter_high_school,usable_published_rate,yes,school_year_panel,Entity id not captured in cited SPCSA deck Confirmed in cited graduation material for this class year.
2023-24,Somerset Losee,,State Public Charter School Authority,brick_and_mortar,confirmed_charter_high_school,usable_published_rate,yes,school_year_panel,Verified from the official 2023-24 annual ACGR PDF where Somerset Academy Losee is reported above 95 percent.
2024-25,Somerset Losee,,State Public Charter School Authority,brick_and_mortar,confirmed_charter_high_school,usable_published_rate,yes,school_year_panel,Verified from the SPCSA 2025 graduation deck citing NDE class of 2024-25 ACGR.
2017-18,Somerset Sky Pointe,,State Public Charter School Authority,brick_and_mortar,confirmed_charter_high_school,usable_published_rate,yes,school_year_panel,Verified from the official 2017-18 annual ACGR PDF as Somerset Academy Sky Pointe.
2018-19,Somerset Sky Pointe,,State Public Charter School Authority,brick_and_mortar,confirmed_charter_high_school,usable_published_rate,yes,school_year_panel,Entity id not captured in cited SPCSA deck Verified from 2019-20 SPCSA final deck reporting 2018-19 and 2019-20 rates.
2019-20,Somerset Sky Pointe,,State Public Charter School Authority,brick_and_mortar,confirmed_charter_high_school,usable_published_rate,yes,school_year_panel,Entity id not captured in cited SPCSA deck Verified from 2019-20 SPCSA final deck reporting 2018-19 and 2019-20 rates.
2020-21,Somerset Sky Pointe,,State Public Charter School Authority,brick_and_mortar,confirmed_charter_high_school,usable_published_rate,yes,school_year_panel,Entity id not captured in cited SPCSA deck Verified from 2021-22 SPCSA final deck reporting 2020-21 and 2021-22 rates.
2021-22,Somerset Sky Pointe,,State Public Charter School Authority,brick_and_mortar,confirmed_charter_high_school,usable_published_rate,yes,school_year_panel,Entity id not captured in cited SPCSA deck Verified from SPCSA attachment citing NDE class of 2021-22 ACGR.
2022-23,Somerset Sky Pointe,,State Public Charter School Authority,brick_and_mortar,confirmed_charter_high_school,usable_published_rate,yes,school_year_panel,Entity id not captured in cited SPCSA deck Confirmed in cited graduation material for this class year.
2023-24,Somerset Sky Pointe,,State Public Charter School Authority,brick_and_mortar,confirmed_charter_high_school,usable_published_rate,yes,school_year_panel,Verified from the official 2023-24 annual ACGR PDF where Somerset Academy Sky Pointe is reported above 95 percent.
2024-25,Somerset Sky Pointe,,State Public Charter School Authority,brick_and_mortar,confirmed_charter_high_school,usable_published_rate,yes,school_year_panel,Verified from the SPCSA 2025 graduation deck citing NDE class of 2024-25 ACGR.
