school_year,level_band,rating_bucket_5level,rating_bucket_3level,enrollment,enrollment_share,school_count,data_status
2012-13,ES,1,1-2,0.0,0.0,0,legacy_pdf_estimated_band_splits
2012-13,ES,2,1-2,2447.95,0.41354837837746516,4,legacy_pdf_estimated_band_splits
2012-13,ES,3,3,1355.2,0.2289428960465454,4,legacy_pdf_estimated_band_splits
2012-13,ES,4,4-5,1783.23,0.3012528339116597,3,legacy_pdf_estimated_band_splits
2012-13,ES,5,4-5,0.0,0.0,0,legacy_pdf_estimated_band_splits
2012-13,ES,Not Rated,Not Rated,333.0,0.05625589166432971,1,legacy_pdf_estimated_band_splits
2012-13,ES,Collapsed,1-2,2447.95,0.41354837837746516,4,legacy_pdf_estimated_band_splits
2012-13,ES,Collapsed,3,1355.2,0.2289428960465454,4,legacy_pdf_estimated_band_splits
2012-13,ES,Collapsed,4-5,1783.23,0.3012528339116597,3,legacy_pdf_estimated_band_splits
2012-13,ES,Collapsed,Not Rated,333.0,0.05625589166432971,1,legacy_pdf_estimated_band_splits
2012-13,HS,1,1-2,732.0,0.17326510033753556,1,legacy_pdf_estimated_band_splits
2012-13,HS,2,1-2,2169.34,0.5134848535057779,3,legacy_pdf_estimated_band_splits
2012-13,HS,3,3,867.2299999999999,0.20527417071819803,2,legacy_pdf_estimated_band_splits
2012-13,HS,4,4-5,230.17,0.05448145921405814,1,legacy_pdf_estimated_band_splits
2012-13,HS,5,4-5,226.0,0.05349441622443038,1,legacy_pdf_estimated_band_splits
2012-13,HS,Not Rated,Not Rated,0.0,0.0,0,legacy_pdf_estimated_band_splits
2012-13,HS,Collapsed,1-2,2901.34,0.6867499538433135,4,legacy_pdf_estimated_band_splits
2012-13,HS,Collapsed,3,867.2299999999999,0.20527417071819803,2,legacy_pdf_estimated_band_splits
2012-13,HS,Collapsed,4-5,456.16999999999996,0.10797587543848852,2,legacy_pdf_estimated_band_splits
2012-13,HS,Collapsed,Not Rated,0.0,0.0,0,legacy_pdf_estimated_band_splits
2012-13,MS,1,1-2,33.47,0.009679984960883837,1,legacy_pdf_estimated_band_splits
2012-13,MS,2,1-2,1387.71,0.40134484404147325,1,legacy_pdf_estimated_band_splits
2012-13,MS,3,3,478.0,0.1382441831880034,3,legacy_pdf_estimated_band_splits
2012-13,MS,4,4-5,1473.3899999999999,0.4261246800572643,5,legacy_pdf_estimated_band_splits
2012-13,MS,5,4-5,48.81,0.01411652422888378,1,legacy_pdf_estimated_band_splits
2012-13,MS,Not Rated,Not Rated,36.27,0.01048978352349139,1,legacy_pdf_estimated_band_splits
2012-13,MS,Collapsed,1-2,1421.18,0.4110248290023571,2,legacy_pdf_estimated_band_splits
2012-13,MS,Collapsed,3,478.0,0.1382441831880034,3,legacy_pdf_estimated_band_splits
2012-13,MS,Collapsed,4-5,1522.2,0.4402412042861481,6,legacy_pdf_estimated_band_splits
2012-13,MS,Collapsed,Not Rated,36.27,0.01048978352349139,1,legacy_pdf_estimated_band_splits
2013-14,ES,1,1-2,0.0,0.0,0,legacy_pdf_estimated_band_splits
2013-14,ES,2,1-2,2151.65,0.29047382475315164,4,legacy_pdf_estimated_band_splits
2013-14,ES,3,3,870.6899999999999,0.11754358491126418,3,legacy_pdf_estimated_band_splits
2013-14,ES,4,4-5,573.98,0.07748758670407081,1,legacy_pdf_estimated_band_splits
2013-14,ES,5,4-5,3811.06,0.5144950036315135,6,legacy_pdf_estimated_band_splits
2013-14,ES,Not Rated,Not Rated,0.0,0.0,0,legacy_pdf_estimated_band_splits
2013-14,ES,Collapsed,1-2,2151.65,0.29047382475315164,4,legacy_pdf_estimated_band_splits
2013-14,ES,Collapsed,3,870.6899999999999,0.11754358491126418,3,legacy_pdf_estimated_band_splits
2013-14,ES,Collapsed,4-5,4385.04,0.5919825903355843,7,legacy_pdf_estimated_band_splits
2013-14,ES,Collapsed,Not Rated,0.0,0.0,0,legacy_pdf_estimated_band_splits
2013-14,HS,1,1-2,0.0,0.0,0,legacy_pdf_estimated_band_splits
2013-14,HS,2,1-2,2677.17,0.638395742073021,3,legacy_pdf_estimated_band_splits
2013-14,HS,3,3,988.47,0.23570973795721564,3,legacy_pdf_estimated_band_splits
2013-14,HS,4,4-5,0.0,0.0,0,legacy_pdf_estimated_band_splits
2013-14,HS,5,4-5,527.95,0.1258945199697634,2,legacy_pdf_estimated_band_splits
2013-14,HS,Not Rated,Not Rated,0.0,0.0,0,legacy_pdf_estimated_band_splits
2013-14,HS,Collapsed,1-2,2677.17,0.638395742073021,3,legacy_pdf_estimated_band_splits
2013-14,HS,Collapsed,3,988.47,0.23570973795721564,3,legacy_pdf_estimated_band_splits
2013-14,HS,Collapsed,4-5,527.95,0.1258945199697634,2,legacy_pdf_estimated_band_splits
2013-14,HS,Collapsed,Not Rated,0.0,0.0,0,legacy_pdf_estimated_band_splits
2013-14,MS,1,1-2,33.47,0.008347944938980438,1,legacy_pdf_estimated_band_splits
2013-14,MS,2,1-2,0.0,0.0,0,legacy_pdf_estimated_band_splits
2013-14,MS,3,3,1629.21,0.4063506236640669,4,legacy_pdf_estimated_band_splits
2013-14,MS,4,4-5,823.39,0.20536642913974013,4,legacy_pdf_estimated_band_splits
2013-14,MS,5,4-5,1488.71,0.37130771168537696,4,legacy_pdf_estimated_band_splits
2013-14,MS,Not Rated,Not Rated,34.59,0.008627290571835476,1,legacy_pdf_estimated_band_splits
2013-14,MS,Collapsed,1-2,33.47,0.008347944938980438,1,legacy_pdf_estimated_band_splits
2013-14,MS,Collapsed,3,1629.21,0.4063506236640669,4,legacy_pdf_estimated_band_splits
2013-14,MS,Collapsed,4-5,2312.1,0.5766741408251171,8,legacy_pdf_estimated_band_splits
2013-14,MS,Collapsed,Not Rated,34.59,0.008627290571835476,1,legacy_pdf_estimated_band_splits
2014-15,ES,1,1-2,0.0,0.0,0,legacy_pdf_estimated_band_splits
2014-15,ES,2,1-2,2035.42,0.19801789478906937,4,legacy_pdf_estimated_band_splits
2014-15,ES,3,3,946.74,0.09210455911438598,3,legacy_pdf_estimated_band_splits
2014-15,ES,4,4-5,971.04,0.09446860920889934,1,legacy_pdf_estimated_band_splits
2014-15,ES,5,4-5,5502.58,0.5353240645706719,6,legacy_pdf_estimated_band_splits
2014-15,ES,Not Rated,Not Rated,823.19,0.08008487231697341,3,legacy_pdf_estimated_band_splits
2014-15,ES,Collapsed,1-2,2035.42,0.19801789478906937,4,legacy_pdf_estimated_band_splits
2014-15,ES,Collapsed,3,946.74,0.09210455911438598,3,legacy_pdf_estimated_band_splits
2014-15,ES,Collapsed,4-5,6473.62,0.6297926737795714,7,legacy_pdf_estimated_band_splits
2014-15,ES,Collapsed,Not Rated,823.19,0.08008487231697341,3,legacy_pdf_estimated_band_splits
2014-15,HS,1,1-2,0.0,0.0,0,legacy_pdf_estimated_band_splits
2014-15,HS,2,1-2,2579.7799999999997,0.5717888988135476,3,legacy_pdf_estimated_band_splits
2014-15,HS,3,3,797.89,0.17684633746844364,3,legacy_pdf_estimated_band_splits
2014-15,HS,4,4-5,0.0,0.0,0,legacy_pdf_estimated_band_splits
2014-15,HS,5,4-5,580.63,0.12869228706250538,2,legacy_pdf_estimated_band_splits
2014-15,HS,Not Rated,Not Rated,553.4699999999999,0.12267247665550324,4,legacy_pdf_estimated_band_splits
2014-15,HS,Collapsed,1-2,2579.7799999999997,0.5717888988135476,3,legacy_pdf_estimated_band_splits
2014-15,HS,Collapsed,3,797.89,0.17684633746844364,3,legacy_pdf_estimated_band_splits
2014-15,HS,Collapsed,4-5,580.63,0.12869228706250538,2,legacy_pdf_estimated_band_splits
2014-15,HS,Collapsed,Not Rated,553.4699999999999,0.12267247665550324,4,legacy_pdf_estimated_band_splits
2014-15,MS,1,1-2,32.22,0.006177253825315239,1,legacy_pdf_estimated_band_splits
2014-15,MS,2,1-2,0.0,0.0,0,legacy_pdf_estimated_band_splits
2014-15,MS,3,3,1718.9099999999999,0.3295513151108819,4,legacy_pdf_estimated_band_splits
2014-15,MS,4,4-5,1001.86,0.19207770072719818,4,legacy_pdf_estimated_band_splits
2014-15,MS,5,4-5,2046.1799999999998,0.39229587933840887,4,legacy_pdf_estimated_band_splits
2014-15,MS,Not Rated,Not Rated,416.74,0.07989785099819592,5,legacy_pdf_estimated_band_splits
2014-15,MS,Collapsed,1-2,32.22,0.006177253825315239,1,legacy_pdf_estimated_band_splits
2014-15,MS,Collapsed,3,1718.9099999999999,0.3295513151108819,4,legacy_pdf_estimated_band_splits
2014-15,MS,Collapsed,4-5,3048.04,0.584373580065607,8,legacy_pdf_estimated_band_splits
2014-15,MS,Collapsed,Not Rated,416.74,0.07989785099819592,5,legacy_pdf_estimated_band_splits
2015-16,ES,1,1-2,0.0,0.0,0,initial_transition_not_shown
2015-16,ES,2,1-2,0.0,0.0,0,initial_transition_not_shown
2015-16,ES,3,3,0.0,0.0,0,initial_transition_not_shown
2015-16,ES,4,4-5,0.0,0.0,0,initial_transition_not_shown
2015-16,ES,5,4-5,0.0,0.0,0,initial_transition_not_shown
2015-16,ES,Not Rated,Not Rated,18032.0,1.0,29,initial_transition_not_shown
2015-16,ES,Collapsed,1-2,0.0,0.0,0,initial_transition_not_shown
2015-16,ES,Collapsed,3,0.0,0.0,0,initial_transition_not_shown
2015-16,ES,Collapsed,4-5,0.0,0.0,0,initial_transition_not_shown
2015-16,ES,Collapsed,Not Rated,18032.0,1.0,29,initial_transition_not_shown
2015-16,HS,1,1-2,0.0,0.0,0,initial_transition_not_shown
2015-16,HS,2,1-2,0.0,0.0,0,initial_transition_not_shown
2015-16,HS,3,3,0.0,0.0,0,initial_transition_not_shown
2015-16,HS,4,4-5,0.0,0.0,0,initial_transition_not_shown
2015-16,HS,5,4-5,0.0,0.0,0,initial_transition_not_shown
2015-16,HS,Not Rated,Not Rated,7889.0,1.0,24,initial_transition_not_shown
2015-16,HS,Collapsed,1-2,0.0,0.0,0,initial_transition_not_shown
2015-16,HS,Collapsed,3,0.0,0.0,0,initial_transition_not_shown
2015-16,HS,Collapsed,4-5,0.0,0.0,0,initial_transition_not_shown
2015-16,HS,Collapsed,Not Rated,7889.0,1.0,24,initial_transition_not_shown
2015-16,MS,1,1-2,0.0,0.0,0,initial_transition_not_shown
2015-16,MS,2,1-2,0.0,0.0,0,initial_transition_not_shown
2015-16,MS,3,3,0.0,0.0,0,initial_transition_not_shown
2015-16,MS,4,4-5,0.0,0.0,0,initial_transition_not_shown
2015-16,MS,5,4-5,0.0,0.0,0,initial_transition_not_shown
2015-16,MS,Not Rated,Not Rated,8848.0,1.0,30,initial_transition_not_shown
2015-16,MS,Collapsed,1-2,0.0,0.0,0,initial_transition_not_shown
2015-16,MS,Collapsed,3,0.0,0.0,0,initial_transition_not_shown
2015-16,MS,Collapsed,4-5,0.0,0.0,0,initial_transition_not_shown
2015-16,MS,Collapsed,Not Rated,8848.0,1.0,30,initial_transition_not_shown
2016-17,ES,1,1-2,2079.0,0.10283424840480783,4,first_stable_baseline
2016-17,ES,2,1-2,3166.0,0.15660088044714843,9,first_stable_baseline
2016-17,ES,3,3,4551.0,0.22510758272740763,8,first_stable_baseline
2016-17,ES,4,4-5,4557.0,0.22540436266508385,3,first_stable_baseline
2016-17,ES,5,4-5,5604.0,0.277192461789583,3,first_stable_baseline
2016-17,ES,Not Rated,Not Rated,260.0,0.012860463965969234,1,first_stable_baseline
2016-17,ES,Collapsed,1-2,5245.0,0.2594351288519563,13,first_stable_baseline
2016-17,ES,Collapsed,3,4551.0,0.22510758272740763,8,first_stable_baseline
2016-17,ES,Collapsed,4-5,10161.0,0.5025968244546669,6,first_stable_baseline
2016-17,ES,Collapsed,Not Rated,260.0,0.012860463965969234,1,first_stable_baseline
2016-17,HS,1,1-2,0.0,0.0,0,first_stable_baseline
2016-17,HS,2,1-2,0.0,0.0,0,first_stable_baseline
2016-17,HS,3,3,0.0,0.0,0,first_stable_baseline
2016-17,HS,4,4-5,0.0,0.0,0,first_stable_baseline
2016-17,HS,5,4-5,0.0,0.0,0,first_stable_baseline
2016-17,HS,Not Rated,Not Rated,8057.0,1.0,28,first_stable_baseline
2016-17,HS,Collapsed,1-2,0.0,0.0,0,first_stable_baseline
2016-17,HS,Collapsed,3,0.0,0.0,0,first_stable_baseline
2016-17,HS,Collapsed,4-5,0.0,0.0,0,first_stable_baseline
2016-17,HS,Collapsed,Not Rated,8057.0,1.0,28,first_stable_baseline
2016-17,MS,1,1-2,0.0,0.0,0,first_stable_baseline
2016-17,MS,2,1-2,892.0,0.08481506132927641,5,first_stable_baseline
2016-17,MS,3,3,4882.0,0.4642008177236855,10,first_stable_baseline
2016-17,MS,4,4-5,956.0,0.09090044689550252,5,first_stable_baseline
2016-17,MS,5,4-5,3787.0,0.36008367405153563,8,first_stable_baseline
2016-17,MS,Not Rated,Not Rated,0.0,0.0,1,first_stable_baseline
2016-17,MS,Collapsed,1-2,892.0,0.08481506132927641,5,first_stable_baseline
2016-17,MS,Collapsed,3,4882.0,0.4642008177236855,10,first_stable_baseline
2016-17,MS,Collapsed,4-5,4743.0,0.4509841209470381,13,first_stable_baseline
2016-17,MS,Collapsed,Not Rated,0.0,0.0,1,first_stable_baseline
2017-18,ES,1,1-2,2636.0,0.1130360205831904,6,standard_reporting
2017-18,ES,2,1-2,5474.0,0.23473413379073757,14,standard_reporting
2017-18,ES,3,3,3183.0,0.13649228130360205,7,standard_reporting
2017-18,ES,4,4-5,5432.0,0.23293310463121783,10,standard_reporting
2017-18,ES,5,4-5,6213.0,0.26642367066895367,11,standard_reporting
2017-18,ES,Not Rated,Not Rated,382.0,0.016380789022298458,1,standard_reporting
2017-18,ES,Collapsed,1-2,8110.0,0.34777015437392794,20,standard_reporting
2017-18,ES,Collapsed,3,3183.0,0.13649228130360205,7,standard_reporting
2017-18,ES,Collapsed,4-5,11645.0,0.49935677530017153,21,standard_reporting
2017-18,ES,Collapsed,Not Rated,382.0,0.016380789022298458,1,standard_reporting
2017-18,HS,1,1-2,2776.0,0.29907347554406377,6,standard_reporting
2017-18,HS,2,1-2,1516.0,0.16332686920922215,2,standard_reporting
2017-18,HS,3,3,1703.0,0.18347338935574228,4,standard_reporting
2017-18,HS,4,4-5,317.0,0.0341521223874165,2,standard_reporting
2017-18,HS,5,4-5,1321.0,0.1423184658478776,6,standard_reporting
2017-18,HS,Not Rated,Not Rated,1649.0,0.17765567765567766,8,standard_reporting
2017-18,HS,Collapsed,1-2,4292.0,0.46240034475328595,8,standard_reporting
2017-18,HS,Collapsed,3,1703.0,0.18347338935574228,4,standard_reporting
2017-18,HS,Collapsed,4-5,1638.0,0.17647058823529413,8,standard_reporting
2017-18,HS,Collapsed,Not Rated,1649.0,0.17765567765567766,8,standard_reporting
2017-18,MS,1,1-2,824.0,0.06718304117407256,1,standard_reporting
2017-18,MS,2,1-2,2663.0,0.21712189156135345,10,standard_reporting
2017-18,MS,3,3,2913.0,0.23750509580105994,11,standard_reporting
2017-18,MS,4,4-5,975.0,0.07949449653485528,5,standard_reporting
2017-18,MS,5,4-5,4890.0,0.3986954749286588,16,standard_reporting
2017-18,MS,Not Rated,Not Rated,0.0,0.0,0,standard_reporting
2017-18,MS,Collapsed,1-2,3487.0,0.284304932735426,11,standard_reporting
2017-18,MS,Collapsed,3,2913.0,0.23750509580105994,11,standard_reporting
2017-18,MS,Collapsed,4-5,5865.0,0.47818997146351405,21,standard_reporting
2017-18,MS,Collapsed,Not Rated,0.0,0.0,0,standard_reporting
2018-19,ES,1,1-2,1081.0,0.04126111683652048,2,standard_reporting
2018-19,ES,2,1-2,8403.0,0.32073743272643995,17,standard_reporting
2018-19,ES,3,3,3188.0,0.12168403374174587,8,standard_reporting
2018-19,ES,4,4-5,6183.0,0.23600137409824803,13,standard_reporting
2018-19,ES,5,4-5,6950.0,0.26527730066033056,11,standard_reporting
2018-19,ES,Not Rated,Not Rated,394.0,0.015038741936715143,1,standard_reporting
2018-19,ES,Collapsed,1-2,9484.0,0.3619985495629604,19,standard_reporting
2018-19,ES,Collapsed,3,3188.0,0.12168403374174587,8,standard_reporting
2018-19,ES,Collapsed,4-5,13133.0,0.5012786747585786,24,standard_reporting
2018-19,ES,Collapsed,Not Rated,394.0,0.015038741936715143,1,standard_reporting
2018-19,HS,1,1-2,2361.0,0.24059920513604402,5,standard_reporting
2018-19,HS,2,1-2,1532.0,0.15611943340466727,3,standard_reporting
2018-19,HS,3,3,2761.0,0.28136145928869866,6,standard_reporting
2018-19,HS,4,4-5,514.0,0.052379496586161214,2,standard_reporting
2018-19,HS,5,4-5,1736.0,0.17690818302252115,7,standard_reporting
2018-19,HS,Not Rated,Not Rated,909.0,0.09263222256190767,3,standard_reporting
2018-19,HS,Collapsed,1-2,3893.0,0.3967186385407113,8,standard_reporting
2018-19,HS,Collapsed,3,2761.0,0.28136145928869866,6,standard_reporting
2018-19,HS,Collapsed,4-5,2250.0,0.22928767960868235,9,standard_reporting
2018-19,HS,Collapsed,Not Rated,909.0,0.09263222256190767,3,standard_reporting
2018-19,MS,1,1-2,86.0,0.005978449774070212,1,standard_reporting
2018-19,MS,2,1-2,2034.0,0.14139728884254432,5,standard_reporting
2018-19,MS,3,3,2396.0,0.16656239137990964,9,standard_reporting
2018-19,MS,4,4-5,2631.0,0.18289885297184566,8,standard_reporting
2018-19,MS,5,4-5,7238.0,0.5031630170316301,29,standard_reporting
2018-19,MS,Not Rated,Not Rated,0.0,0.0,0,standard_reporting
2018-19,MS,Collapsed,1-2,2120.0,0.14737573861661452,6,standard_reporting
2018-19,MS,Collapsed,3,2396.0,0.16656239137990964,9,standard_reporting
2018-19,MS,Collapsed,4-5,9869.0,0.6860618700034758,37,standard_reporting
2018-19,MS,Collapsed,Not Rated,0.0,0.0,0,standard_reporting
2019-20,ES,1,1-2,1285.0,0.04469409759660534,2,pandemic_disruption
2019-20,ES,2,1-2,8189.0,0.2848248756564989,16,pandemic_disruption
2019-20,ES,3,3,3201.0,0.1113352579040729,8,pandemic_disruption
2019-20,ES,4,4-5,6269.0,0.21804458975339988,13,pandemic_disruption
2019-20,ES,5,4-5,7039.0,0.2448262669124552,11,pandemic_disruption
2019-20,ES,Not Rated,Not Rated,2768.0,0.09627491217696776,4,pandemic_disruption
2019-20,ES,Collapsed,1-2,9474.0,0.32951897325310425,18,pandemic_disruption
2019-20,ES,Collapsed,3,3201.0,0.1113352579040729,8,pandemic_disruption
2019-20,ES,Collapsed,4-5,13308.0,0.4628708566658551,24,pandemic_disruption
2019-20,ES,Collapsed,Not Rated,2768.0,0.09627491217696776,4,pandemic_disruption
2019-20,HS,1,1-2,2248.0,0.2088248954946586,4,pandemic_disruption
2019-20,HS,2,1-2,1763.0,0.16377148165350675,3,pandemic_disruption
2019-20,HS,3,3,2759.0,0.2562935438922434,6,pandemic_disruption
2019-20,HS,4,4-5,547.0,0.05081281932187645,2,pandemic_disruption
2019-20,HS,5,4-5,1798.0,0.16702275894101254,7,pandemic_disruption
2019-20,HS,Not Rated,Not Rated,1650.0,0.1532745006967023,7,pandemic_disruption
2019-20,HS,Collapsed,1-2,4011.0,0.37259637714816535,7,pandemic_disruption
2019-20,HS,Collapsed,3,2759.0,0.2562935438922434,6,pandemic_disruption
2019-20,HS,Collapsed,4-5,2345.0,0.217835578262889,9,pandemic_disruption
2019-20,HS,Collapsed,Not Rated,1650.0,0.1532745006967023,7,pandemic_disruption
2019-20,MS,1,1-2,99.0,0.006151360755561079,1,pandemic_disruption
2019-20,MS,2,1-2,1921.0,0.11936125264073567,5,pandemic_disruption
2019-20,MS,3,3,2446.0,0.15198210513234747,9,pandemic_disruption
2019-20,MS,4,4-5,2857.0,0.17751957251149497,8,pandemic_disruption
2019-20,MS,5,4-5,7986.0,0.49620976761526037,29,pandemic_disruption
2019-20,MS,Not Rated,Not Rated,785.0,0.04877594134460047,3,pandemic_disruption
2019-20,MS,Collapsed,1-2,2020.0,0.12551261339629677,6,pandemic_disruption
2019-20,MS,Collapsed,3,2446.0,0.15198210513234747,9,pandemic_disruption
2019-20,MS,Collapsed,4-5,10843.0,0.6737293401267553,37,pandemic_disruption
2019-20,MS,Collapsed,Not Rated,785.0,0.04877594134460047,3,pandemic_disruption
2020-21,ES,1,1-2,34.0,0.0011005016993040945,1,pandemic_irregular
2020-21,ES,2,1-2,8496.0,0.2749959540378702,18,pandemic_irregular
2020-21,ES,3,3,2979.0,0.0964233694772617,8,pandemic_irregular
2020-21,ES,4,4-5,6432.0,0.208189027350704,13,pandemic_irregular
2020-21,ES,5,4-5,7162.0,0.23181744618870367,11,pandemic_irregular
2020-21,ES,Not Rated,Not Rated,5792.0,0.18747370124615634,9,pandemic_irregular
2020-21,ES,Collapsed,1-2,8530.0,0.2760964557371743,19,pandemic_irregular
2020-21,ES,Collapsed,3,2979.0,0.0964233694772617,8,pandemic_irregular
2020-21,ES,Collapsed,4-5,13594.0,0.4400064735394077,24,pandemic_irregular
2020-21,ES,Collapsed,Not Rated,5792.0,0.18747370124615634,9,pandemic_irregular
2020-21,HS,1,1-2,2289.0,0.18074857864813645,4,pandemic_irregular
2020-21,HS,2,1-2,1985.0,0.15674352495262162,3,pandemic_irregular
2020-21,HS,3,3,3076.0,0.2428932406822489,6,pandemic_irregular
2020-21,HS,4,4-5,587.0,0.0463518635502211,2,pandemic_irregular
2020-21,HS,5,4-5,1838.0,0.14513581806696146,7,pandemic_irregular
2020-21,HS,Not Rated,Not Rated,2889.0,0.22812697409981048,13,pandemic_irregular
2020-21,HS,Collapsed,1-2,4274.0,0.33749210360075804,7,pandemic_irregular
2020-21,HS,Collapsed,3,3076.0,0.2428932406822489,6,pandemic_irregular
2020-21,HS,Collapsed,4-5,2425.0,0.19148768161718258,9,pandemic_irregular
2020-21,HS,Collapsed,Not Rated,2889.0,0.22812697409981048,13,pandemic_irregular
2020-21,MS,1,1-2,0.0,0.0,0,pandemic_irregular
2020-21,MS,2,1-2,908.0,0.05137199434229137,4,pandemic_irregular
2020-21,MS,3,3,2953.0,0.16707213578500707,9,pandemic_irregular
2020-21,MS,4,4-5,2995.0,0.16944837340876945,8,pandemic_irregular
2020-21,MS,5,4-5,9164.0,0.5184724186704385,31,pandemic_irregular
2020-21,MS,Not Rated,Not Rated,1655.0,0.09363507779349363,7,pandemic_irregular
2020-21,MS,Collapsed,1-2,908.0,0.05137199434229137,4,pandemic_irregular
2020-21,MS,Collapsed,3,2953.0,0.16707213578500707,9,pandemic_irregular
2020-21,MS,Collapsed,4-5,12159.0,0.6879207920792079,39,pandemic_irregular
2020-21,MS,Collapsed,Not Rated,1655.0,0.09363507779349363,7,pandemic_irregular
2021-22,ES,1,1-2,0.0,0.0,0,testing_recovery_not_rated
2021-22,ES,2,1-2,0.0,0.0,0,testing_recovery_not_rated
2021-22,ES,3,3,0.0,0.0,0,testing_recovery_not_rated
2021-22,ES,4,4-5,0.0,0.0,0,testing_recovery_not_rated
2021-22,ES,5,4-5,0.0,0.0,0,testing_recovery_not_rated
2021-22,ES,Not Rated,Not Rated,32057.0,1.0,64,testing_recovery_not_rated
2021-22,ES,Collapsed,1-2,0.0,0.0,0,testing_recovery_not_rated
2021-22,ES,Collapsed,3,0.0,0.0,0,testing_recovery_not_rated
2021-22,ES,Collapsed,4-5,0.0,0.0,0,testing_recovery_not_rated
2021-22,ES,Collapsed,Not Rated,32057.0,1.0,64,testing_recovery_not_rated
2021-22,HS,1,1-2,0.0,0.0,0,testing_recovery_not_rated
2021-22,HS,2,1-2,0.0,0.0,0,testing_recovery_not_rated
2021-22,HS,3,3,0.0,0.0,0,testing_recovery_not_rated
2021-22,HS,4,4-5,0.0,0.0,0,testing_recovery_not_rated
2021-22,HS,5,4-5,0.0,0.0,0,testing_recovery_not_rated
2021-22,HS,Not Rated,Not Rated,13391.0,1.0,35,testing_recovery_not_rated
2021-22,HS,Collapsed,1-2,0.0,0.0,0,testing_recovery_not_rated
2021-22,HS,Collapsed,3,0.0,0.0,0,testing_recovery_not_rated
2021-22,HS,Collapsed,4-5,0.0,0.0,0,testing_recovery_not_rated
2021-22,HS,Collapsed,Not Rated,13391.0,1.0,35,testing_recovery_not_rated
2021-22,MS,1,1-2,0.0,0.0,0,testing_recovery_not_rated
2021-22,MS,2,1-2,0.0,0.0,0,testing_recovery_not_rated
2021-22,MS,3,3,0.0,0.0,0,testing_recovery_not_rated
2021-22,MS,4,4-5,0.0,0.0,0,testing_recovery_not_rated
2021-22,MS,5,4-5,0.0,0.0,0,testing_recovery_not_rated
2021-22,MS,Not Rated,Not Rated,17864.0,1.0,61,testing_recovery_not_rated
2021-22,MS,Collapsed,1-2,0.0,0.0,0,testing_recovery_not_rated
2021-22,MS,Collapsed,3,0.0,0.0,0,testing_recovery_not_rated
2021-22,MS,Collapsed,4-5,0.0,0.0,0,testing_recovery_not_rated
2021-22,MS,Collapsed,Not Rated,17864.0,1.0,61,testing_recovery_not_rated
2022-23,ES,1,1-2,3627.0,0.10617059891107078,10,modern_reporting
2022-23,ES,2,1-2,9379.0,0.27454481587729057,19,modern_reporting
2022-23,ES,3,3,7510.0,0.21983490427960892,14,modern_reporting
2022-23,ES,4,4-5,4085.0,0.11957730812013348,8,modern_reporting
2022-23,ES,5,4-5,9291.0,0.27196885428253614,15,modern_reporting
2022-23,ES,Not Rated,Not Rated,270.0,0.007903518529360108,3,modern_reporting
2022-23,ES,Collapsed,1-2,13006.0,0.38071541478836135,29,modern_reporting
2022-23,ES,Collapsed,3,7510.0,0.21983490427960892,14,modern_reporting
2022-23,ES,Collapsed,4-5,13376.0,0.39154616240266965,23,modern_reporting
2022-23,ES,Collapsed,Not Rated,270.0,0.007903518529360108,3,modern_reporting
2022-23,HS,1,1-2,1380.0,0.09181636726546906,3,modern_reporting
2022-23,HS,2,1-2,0.0,0.0,0,modern_reporting
2022-23,HS,3,3,6059.0,0.40312707917498336,8,modern_reporting
2022-23,HS,4,4-5,2668.0,0.17751164337990685,7,modern_reporting
2022-23,HS,5,4-5,3423.0,0.2277445109780439,13,modern_reporting
2022-23,HS,Not Rated,Not Rated,1500.0,0.0998003992015968,8,modern_reporting
2022-23,HS,Collapsed,1-2,1380.0,0.09181636726546906,3,modern_reporting
2022-23,HS,Collapsed,3,6059.0,0.40312707917498336,8,modern_reporting
2022-23,HS,Collapsed,4-5,6091.0,0.40525615435795076,20,modern_reporting
2022-23,HS,Collapsed,Not Rated,1500.0,0.0998003992015968,8,modern_reporting
2022-23,MS,1,1-2,722.0,0.038062101323211556,3,modern_reporting
2022-23,MS,2,1-2,3583.0,0.18888713163582688,14,modern_reporting
2022-23,MS,3,3,5918.0,0.31198270862986976,19,modern_reporting
2022-23,MS,4,4-5,3125.0,0.16474247456376193,8,modern_reporting
2022-23,MS,5,4-5,5621.0,0.2963255838473299,19,modern_reporting
2022-23,MS,Not Rated,Not Rated,0.0,0.0,0,modern_reporting
2022-23,MS,Collapsed,1-2,4305.0,0.22694923295903843,17,modern_reporting
2022-23,MS,Collapsed,3,5918.0,0.31198270862986976,19,modern_reporting
2022-23,MS,Collapsed,4-5,8746.0,0.4610680584110918,27,modern_reporting
2022-23,MS,Collapsed,Not Rated,0.0,0.0,0,modern_reporting
2023-24,ES,1,1-2,6390.0,0.18214468958440225,19,modern_reporting
2023-24,ES,2,1-2,6032.0,0.17194002622427457,11,modern_reporting
2023-24,ES,3,3,6341.0,0.1807479619177926,13,modern_reporting
2023-24,ES,4,4-5,9405.0,0.2680861980502822,16,modern_reporting
2023-24,ES,5,4-5,6397.0,0.18234422210820364,9,modern_reporting
2023-24,ES,Not Rated,Not Rated,517.0,0.014736902115044753,4,modern_reporting
2023-24,ES,Collapsed,1-2,12422.0,0.35408471580867684,30,modern_reporting
2023-24,ES,Collapsed,3,6341.0,0.1807479619177926,13,modern_reporting
2023-24,ES,Collapsed,4-5,15802.0,0.45043042015848583,25,modern_reporting
2023-24,ES,Collapsed,Not Rated,517.0,0.014736902115044753,4,modern_reporting
2023-24,HS,1,1-2,1661.0,0.10318692924147356,3,modern_reporting
2023-24,HS,2,1-2,1051.0,0.06529166925514071,1,modern_reporting
2023-24,HS,3,3,4042.0,0.25110268994222523,6,modern_reporting
2023-24,HS,4,4-5,1986.0,0.1233770267751755,6,modern_reporting
2023-24,HS,5,4-5,6021.0,0.37404485307821334,17,modern_reporting
2023-24,HS,Not Rated,Not Rated,1336.0,0.08299683170777164,7,modern_reporting
2023-24,HS,Collapsed,1-2,2712.0,0.16847859849661428,4,modern_reporting
2023-24,HS,Collapsed,3,4042.0,0.25110268994222523,6,modern_reporting
2023-24,HS,Collapsed,4-5,8007.0,0.4974218798533888,23,modern_reporting
2023-24,HS,Collapsed,Not Rated,1336.0,0.08299683170777164,7,modern_reporting
2023-24,MS,1,1-2,1338.0,0.0698001982367364,8,modern_reporting
2023-24,MS,2,1-2,2865.0,0.14946006573112838,9,modern_reporting
2023-24,MS,3,3,3712.0,0.19364599092284418,15,modern_reporting
2023-24,MS,4,4-5,2747.0,0.14330429339036987,7,modern_reporting
2023-24,MS,5,4-5,8507.0,0.4437894517189212,23,modern_reporting
2023-24,MS,Not Rated,Not Rated,0.0,0.0,0,modern_reporting
2023-24,MS,Collapsed,1-2,4203.0,0.21926026396786477,17,modern_reporting
2023-24,MS,Collapsed,3,3712.0,0.19364599092284418,15,modern_reporting
2023-24,MS,Collapsed,4-5,11254.0,0.587093745109291,30,modern_reporting
2023-24,MS,Collapsed,Not Rated,0.0,0.0,0,modern_reporting
2024-25,ES,1,1-2,1875.0,0.052970590728027796,8,modern_reporting
2024-25,ES,2,1-2,5153.0,0.1455773088114812,11,modern_reporting
2024-25,ES,3,3,3194.0,0.09023363561883775,7,modern_reporting
2024-25,ES,4,4-5,8812.0,0.24894765093086985,18,modern_reporting
2024-25,ES,5,4-5,16181.0,0.4571291352374495,25,modern_reporting
2024-25,ES,Not Rated,Not Rated,182.0,0.005141678673333898,2,modern_reporting
2024-25,ES,Collapsed,1-2,7028.0,0.198547899539509,19,modern_reporting
2024-25,ES,Collapsed,3,3194.0,0.09023363561883775,7,modern_reporting
2024-25,ES,Collapsed,4-5,24993.0,0.7060767861683194,43,modern_reporting
2024-25,ES,Collapsed,Not Rated,182.0,0.005141678673333898,2,modern_reporting
2024-25,HS,1,1-2,2043.0,0.1168496911461908,3,modern_reporting
2024-25,HS,2,1-2,119.0,0.00680622283230382,1,modern_reporting
2024-25,HS,3,3,3845.0,0.2199153511782201,5,modern_reporting
2024-25,HS,4,4-5,3453.0,0.19749485243651338,9,modern_reporting
2024-25,HS,5,4-5,7028.0,0.4019675131548845,16,modern_reporting
2024-25,HS,Not Rated,Not Rated,996.0,0.05696636925188744,7,modern_reporting
2024-25,HS,Collapsed,1-2,2162.0,0.12365591397849462,4,modern_reporting
2024-25,HS,Collapsed,3,3845.0,0.2199153511782201,5,modern_reporting
2024-25,HS,Collapsed,4-5,10481.0,0.5994623655913979,25,modern_reporting
2024-25,HS,Collapsed,Not Rated,996.0,0.05696636925188744,7,modern_reporting
2024-25,MS,1,1-2,516.0,0.026278264412303933,3,modern_reporting
2024-25,MS,2,1-2,1758.0,0.0895294357302913,7,modern_reporting
2024-25,MS,3,3,3484.0,0.17742921165206763,14,modern_reporting
2024-25,MS,4,4-5,1463.0,0.0745060093705439,6,modern_reporting
2024-25,MS,5,4-5,12415.0,0.6322570788347932,31,modern_reporting
2024-25,MS,Not Rated,Not Rated,0.0,0.0,0,modern_reporting
2024-25,MS,Collapsed,1-2,2274.0,0.11580770014259523,10,modern_reporting
2024-25,MS,Collapsed,3,3484.0,0.17742921165206763,14,modern_reporting
2024-25,MS,Collapsed,4-5,13878.0,0.7067630882053372,37,modern_reporting
2024-25,MS,Collapsed,Not Rated,0.0,0.0,0,modern_reporting
