class_year,school_name,panel_entity_id,matched_code,matched_name,sponsor_bucket,charter_authorizer,model_type,panel_rate_mid,cohort,graduates,weighted_school_rate,count_source,published_status,notes
2013-14,Argent Preparatory Academy,18400,18400,Argent Preparatory Academy,SPCSA,State Public Charter School Authority,brick_and_mortar,22.16,291,65,22.33676975945017,panel_exact,numeric,Legacy SPCSA row reported as SSCS in the Nevada Report Card cohort portal and crosswalked here to the Silver State / Argent history.
2013-14,NSHS Legacy Single-Campus,18401,18401,NSHS Legacy Single-Campus,SPCSA,State Public Charter School Authority,brick_and_mortar,98.9,154,152,98.7012987012987,panel_exact,numeric,Legacy Nevada State High School row before later campus-level expansion.
2013-14,Nevada Virtual Charter,18404,18404,Nevada Virtual Charter,SPCSA,State Public Charter School Authority,statewide_online,52.29,1339,700,52.27781926811053,panel_exact,numeric,Recovered from the Nevada Report Card cohort portal as Nevada Virtual Academy.
2013-14,Nevada Connections Acad,18405,18405,Nevada Connections Acad,SPCSA,State Public Charter School Authority,statewide_online,33.91,491,166,33.80855397148676,panel_exact,numeric,Recovered from the Nevada Report Card cohort portal as Nevada Connections Academy.
2013-14,Quest Academy,18408,18408,Quest Academy,SPCSA,State Public Charter School Authority,brick_and_mortar,80.0,32,26,81.25,panel_exact,numeric,Legacy SPCSA school recovered from the Nevada Report Card cohort portal; crosswalk to later entities remains unresolved.
2013-14,Beacon Acad,18409,18409,Beacon Acad,SPCSA,State Public Charter School Authority,alternative,37.61,555,209,37.65765765765766,panel_exact,numeric,Recovered from the Nevada Report Card cohort portal as Beacon Academy of Nevada.
2013-14,Alpine Acad,18412,18412,Alpine Acad,SPCSA,State Public Charter School Authority,alternative,78.43,88,69,78.4090909090909,panel_exact,numeric,Recovered from the Nevada Report Card cohort portal as Alpine Academy.
2013-14,Innovations Int'l Charter J-SHS,02363,02363,Innovations International Charter School of NV,district_authorized,Clark County School District,brick_and_mortar,74.2,35,26,74.28571428571429,nevada_export_exact,numeric,Recovered from the Nevada Report Card cohort4yr portal as Innovations International Charter School of NV.
2013-14,Odyssey Charter Schools 9-12 HS,02614,02614,Odyssey Charter High School,district_authorized,Clark County School District,brick_and_mortar,52.4,383,201,52.48041775456919,nevada_export_exact,numeric,Recovered from the Nevada Report Card cohort4yr portal as Odyssey Charter High School.
2013-14,Explore Knowledge Academy J-SHS,02616,02616,Explore Knowledge Academy Charter Secondary,district_authorized,Clark County School District,brick_and_mortar,73.6,19,14,73.6842105263158,nevada_export_exact,numeric,Recovered from the Nevada Report Card cohort4yr portal as Explore Knowledge Academy Charter Secondary.
2013-14,The Delta Academy J-SHS,02621,02621,Delta Academy,district_authorized,Clark County School District,brick_and_mortar,16.0,75,12,16.0,nevada_export_exact,numeric,Recovered from the Nevada Report Card cohort4yr portal as Delta Academy.
2013-14,Academy for Career Education Charter,16608,16608,Academy of Career Education Charter School,district_authorized,Washoe County School District,brick_and_mortar,79.1,48,38,79.16666666666667,nevada_export_exact,numeric,Recovered from the Nevada Report Card cohort4yr portal as Academy of Career Education Charter School.
2013-14,Coral Academy of Science Charter,16312,16312,Coral Academy Charter School Secondary,district_authorized,Washoe County School District,brick_and_mortar,80.9,42,34,80.95238095238095,nevada_export_exact,numeric,Recovered from the Nevada Report Card cohort4yr portal as Coral Academy Charter School Secondary.
2013-14,ICDA Charter HS,16604,16604,ICDA Charter HS,district_authorized,Washoe County School District,alternative,25.4,110,28,25.454545454545453,panel_exact,numeric,Recovered from the Nevada Report Card cohort4yr portal as I Can Do Anything Charter High School.
2013-14,Rainshadow CCHS,16610,16610,enCompass Academy,district_authorized,Washoe County School District,alternative,33.3,45,15,33.333333333333336,nevada_export_exact,numeric,Recovered from the Nevada Report Card cohort4yr portal where entity 16610 appears as enCompass Academy.
2014-15,Argent Preparatory Academy,18400,18400,Argent Preparatory Academy,SPCSA,State Public Charter School Authority,brick_and_mortar,22.2,157,35,22.29299363057325,panel_exact,numeric,Legacy SPCSA row reported as Silver State High School in the Nevada Report Card cohort4yr portal and crosswalked here to the Silver State / Argent history.
2014-15,NSHS Legacy Single-Campus,18401,18401,NSHS Legacy Single-Campus,SPCSA,State Public Charter School Authority,brick_and_mortar,97.5,111,110,99.09909909909909,panel_exact,topcoded,Legacy Nevada State High School row before later campus-level expansion.
2014-15,Nevada Virtual Charter,18404,18404,Nevada Virtual Charter,SPCSA,State Public Charter School Authority,statewide_online,56.6,242,137,56.611570247933884,panel_exact,numeric,Recovered from the Nevada Report Card cohort4yr portal as Nevada Virtual Academy.
2014-15,Nevada Connections Acad,18405,18405,Nevada Connections Acad,SPCSA,State Public Charter School Authority,statewide_online,37.1,199,74,37.185929648241206,panel_exact,numeric,Recovered from the Nevada Report Card cohort4yr portal as Nevada Connections Academy.
2014-15,CASLV Sandy Ridge,18407,18407,CASLV Sandy Ridge,SPCSA,State Public Charter School Authority,brick_and_mortar,61.2,31,19,61.29032258064516,panel_exact,numeric,Recovered from the Nevada Report Card cohort4yr portal as Coral Academy of Science Las Vegas and aligned here to the later CASLV Sandy Ridge lineage.
2014-15,Quest Academy,18408,18408,Quest Academy,SPCSA,State Public Charter School Authority,brick_and_mortar,70.3,27,19,70.37037037037037,panel_exact,numeric,Legacy SPCSA school recovered from the Nevada Report Card cohort4yr portal; crosswalk to later entities remains unresolved.
2014-15,Beacon Acad,18409,18409,Beacon Acad,SPCSA,State Public Charter School Authority,alternative,56.5,115,65,56.52173913043478,panel_exact,numeric,Recovered from the Nevada Report Card cohort4yr portal as Beacon Academy of Nevada.
2014-15,Alpine Acad,18412,18412,Alpine Acad,SPCSA,State Public Charter School Authority,alternative,97.5,40,39,97.5,panel_exact,topcoded,Recovered from the Nevada Report Card cohort4yr portal as Alpine Academy College Preparatory High School.
2014-15,Innovations Int'l Charter J-SHS,02363,02363,Innovations International Charter School of NV,district_authorized,Clark County School District,brick_and_mortar,52.3,21,11,52.38095238095238,nevada_export_exact,numeric,Recovered from the Nevada Report Card cohort4yr portal as Innovations International Charter School of NV.
2014-15,Odyssey Charter Schools 9-12 HS,02614,02614,Odyssey Charter High School,district_authorized,Clark County School District,brick_and_mortar,58.8,442,260,58.8235294117647,nevada_export_exact,numeric,Recovered from the Nevada Report Card cohort4yr portal as Odyssey Charter High School.
2014-15,Explore Knowledge Academy J-SHS,02616,,,district_authorized,Clark County School District,brick_and_mortar,,,,,unmatched,public_rate_unavailable,Recovered from the Nevada Report Card cohort4yr portal as Explore Knowledge Academy Charter Secondary; the school appears in the graduation universe but no usable public rate is shown in the portal row.
2014-15,The Delta Academy J-SHS,02621,02621,Delta Academy,district_authorized,Clark County School District,brick_and_mortar,17.1,128,22,17.1875,nevada_export_exact,numeric,Recovered from the Nevada Report Card cohort4yr portal as Delta Academy.
2014-15,Academy for Career Education Charter,16608,16608,Academy of Career Education Charter School,district_authorized,Washoe County School District,brick_and_mortar,90.6,43,39,90.69767441860465,nevada_export_exact,numeric,Recovered from the Nevada Report Card cohort4yr portal as Academy of Career Education Charter School.
2014-15,Coral Academy of Science Charter,16312,16312,Coral Academy Charter School Secondary,district_authorized,Washoe County School District,brick_and_mortar,79.3,29,23,79.3103448275862,nevada_export_exact,numeric,Recovered from the Nevada Report Card cohort4yr portal as Coral Academy Charter School Secondary.
2014-15,ICDA Charter HS,16604,16604,ICDA Charter HS,district_authorized,Washoe County School District,alternative,28.5,105,30,28.571428571428573,panel_exact,numeric,Recovered from the Nevada Report Card cohort4yr portal as I Can Do Anything Charter High School.
2014-15,Rainshadow CCHS,16610,16610,enCompass Academy,district_authorized,Washoe County School District,alternative,25.0,40,10,25.0,nevada_export_exact,numeric,Recovered from the Nevada Report Card cohort4yr portal where entity 16610 appears as enCompass Academy.
2015-16,NSHS Legacy Single-Campus,18401,18401,NSHS Legacy Single-Campus,SPCSA,State Public Charter School Authority,brick_and_mortar,97.5,158,156,98.73417721518987,panel_exact,topcoded,Legacy Nevada State High School row before later campus-level expansion.
2015-16,Nevada Virtual Charter,18404,18404,Nevada Virtual Charter,SPCSA,State Public Charter School Authority,statewide_online,63.5,181,115,63.53591160220994,panel_exact,numeric,Recovered from the Nevada Report Card cohort4yr portal as Nevada Virtual Academy.
2015-16,Nevada Connections Acad,18405,18405,Nevada Connections Acad,SPCSA,State Public Charter School Authority,statewide_online,35.6,334,119,35.62874251497006,panel_exact,numeric,Recovered from the Nevada Report Card cohort4yr portal as Nevada Connections Academy.
2015-16,CASLV Sandy Ridge,18407,18407,CASLV Sandy Ridge,SPCSA,State Public Charter School Authority,brick_and_mortar,94.8,39,37,94.87179487179488,panel_exact,numeric,Recovered from the Nevada Report Card cohort4yr portal as Coral Academy of Science Las Vegas and aligned here to the later CASLV Sandy Ridge lineage.
2015-16,Quest Academy,18408,18408,Quest Academy,SPCSA,State Public Charter School Authority,brick_and_mortar,76.9,26,20,76.92307692307692,panel_exact,numeric,Legacy SPCSA school recovered from the Nevada Report Card cohort4yr portal; crosswalk to later entities remains unresolved.
2015-16,Beacon Acad,18409,18409,Beacon Acad,SPCSA,State Public Charter School Authority,alternative,52.6,152,80,52.63157894736842,panel_exact,numeric,Recovered from the Nevada Report Card cohort4yr portal as Beacon Academy of Nevada.
2015-16,Alpine Acad,18412,18412,Alpine Acad,SPCSA,State Public Charter School Authority,alternative,97.5,20,20,100.0,panel_exact,topcoded,Recovered from the Nevada Report Card cohort4yr portal as Alpine Academy.
2015-16,Innovations Int'l Charter J-SHS,02363,02363,Innovations International Charter School of NV,district_authorized,Clark County School District,brick_and_mortar,53.3,30,16,53.333333333333336,nevada_export_exact,numeric,Recovered from the Nevada Report Card cohort4yr portal as Innovations International Charter School of NV.
2015-16,Odyssey Charter Schools 9-12 HS,02614,02614,Odyssey Charter High School,district_authorized,Clark County School District,brick_and_mortar,61.8,427,264,61.82669789227166,nevada_export_exact,numeric,Recovered from the Nevada Report Card cohort4yr portal as Odyssey Charter High School.
2015-16,Explore Knowledge Academy J-SHS,02616,02616,Explore Knowledge Academy Charter Secondary,district_authorized,Clark County School District,brick_and_mortar,92.3,13,12,92.3076923076923,nevada_export_exact,numeric,Recovered from the Nevada Report Card cohort4yr portal as Explore Knowledge Academy Charter Secondary.
2015-16,The Delta Academy J-SHS,02621,02621,Delta Academy,district_authorized,Clark County School District,brick_and_mortar,18.7,144,27,18.75,nevada_export_exact,numeric,Recovered from the Nevada Report Card cohort4yr portal as Delta Academy.
2015-16,Academy for Career Education Charter,16608,16608,Academy of Career Education Charter School,district_authorized,Washoe County School District,brick_and_mortar,97.5,47,45,95.74468085106383,nevada_export_exact,topcoded,Recovered from the Nevada Report Card cohort4yr portal as Academy of Career Education Charter School.
2015-16,Coral Academy of Science Charter,16312,16312,Coral Academy Charter School Secondary,district_authorized,Washoe County School District,brick_and_mortar,87.8,33,29,87.87878787878788,nevada_export_exact,numeric,Recovered from the Nevada Report Card cohort4yr portal as Coral Academy Charter School Secondary.
2015-16,ICDA Charter HS,16604,16604,ICDA Charter HS,district_authorized,Washoe County School District,alternative,23.7,97,23,23.711340206185568,panel_exact,numeric,Recovered from the Nevada Report Card cohort4yr portal as I Can Do Anything Charter High School.
2015-16,Rainshadow CCHS,16610,16610,enCompass Academy,district_authorized,Washoe County School District,alternative,28.9,38,11,28.94736842105263,nevada_export_exact,numeric,Recovered from the Nevada Report Card cohort4yr portal where entity 16610 appears as enCompass Academy.
2016-17,Argent Preparatory Academy,18400,18400,Argent Preparatory Academy,SPCSA,State Public Charter School Authority,brick_and_mortar,45.0,100,45,45.0,panel_exact,numeric,Legacy SPCSA row reported as Silver State Charter School in the Nevada Report Card cohort4yr portal and crosswalked here to the Silver State / Argent history.
2016-17,NSHS Legacy Single-Campus,18401,18401,NSHS Legacy Single-Campus,SPCSA,State Public Charter School Authority,brick_and_mortar,97.5,154,153,99.35064935064935,panel_exact,topcoded,Legacy Nevada State High School row before later campus-level expansion.
2016-17,Nevada Virtual Charter,18404,18404,Nevada Virtual Charter,SPCSA,State Public Charter School Authority,statewide_online,67.4,129,87,67.44186046511628,panel_exact,numeric,Recovered from the Nevada Report Card cohort4yr portal as Nevada Virtual Academy.
2016-17,Nevada Connections Acad,18405,18405,Nevada Connections Acad,SPCSA,State Public Charter School Authority,statewide_online,40.0,439,176,40.09111617312073,panel_exact,numeric,Recovered from the Nevada Report Card cohort4yr portal as Nevada Connections Academy.
2016-17,CASLV Sandy Ridge,18407,18407,CASLV Sandy Ridge,SPCSA,State Public Charter School Authority,brick_and_mortar,97.5,47,45,95.74468085106383,panel_exact,topcoded,Recovered from the Nevada Report Card cohort4yr portal as Coral Academy of Science Las Vegas and aligned here to the later CASLV Sandy Ridge lineage.
2016-17,Quest Academy,18408,18408,Quest Academy,SPCSA,State Public Charter School Authority,brick_and_mortar,79.3,29,23,79.3103448275862,panel_exact,numeric,Legacy SPCSA school recovered from the Nevada Report Card cohort4yr portal; crosswalk to later entities remains unresolved.
2016-17,Beacon Acad,18409,18409,Beacon Acad,SPCSA,State Public Charter School Authority,alternative,52.4,242,127,52.47933884297521,panel_exact,numeric,Recovered from the Nevada Report Card cohort4yr portal as Beacon Academy of Nevada.
2016-17,Alpine Acad,18412,18412,Alpine Acad,SPCSA,State Public Charter School Authority,alternative,85.1,27,23,85.18518518518519,panel_exact,numeric,Recovered from the Nevada Report Card cohort4yr portal as Alpine Academy.
2016-17,Innovations Int'l Charter J-SHS,02363,02363,Innovations International Charter School of NV,district_authorized,Clark County School District,brick_and_mortar,78.1,32,25,78.125,nevada_export_exact,numeric,Recovered from the downloaded Clark and Washoe multi-year CSV as Innovations International Charter School of NV.
2016-17,Odyssey Charter Schools 9-12 HS,02614,02614,Odyssey Charter High School,district_authorized,Clark County School District,brick_and_mortar,79.7,465,371,79.78494623655914,nevada_export_exact,numeric,Recovered from the downloaded Clark and Washoe multi-year CSV as Odyssey Charter High School.
2016-17,Explore Knowledge Academy J-SHS,02616,02616,Explore Knowledge Academy Charter Secondary,district_authorized,Clark County School District,brick_and_mortar,76.1,21,16,76.19047619047619,nevada_export_exact,numeric,Recovered from the downloaded Clark and Washoe multi-year CSV as Explore Knowledge Academy Charter Secondary.
2016-17,The Delta Academy J-SHS,02621,02621,Delta Academy,district_authorized,Clark County School District,alternative,32.5,129,42,32.55813953488372,nevada_export_exact,numeric,Recovered from the downloaded Clark and Washoe multi-year CSV as Delta Academy.
2016-17,Academy for Career Education Charter,16608,16608,Academy of Career Education Charter School,district_authorized,Washoe County School District,brick_and_mortar,93.8,49,46,93.87755102040816,nevada_export_exact,numeric,Recovered from the downloaded Clark and Washoe multi-year CSV as Academy of Career Education Charter School.
2016-17,Coral Academy of Science Charter,16312,16312,Coral Academy High School,district_authorized,Washoe County School District,brick_and_mortar,97.5,33,33,100.0,nevada_export_exact,topcoded,Recovered from the downloaded Clark and Washoe multi-year CSV as Coral Academy High School.
2016-17,ICDA Charter HS,16604,16604,ICDA Charter HS,district_authorized,Washoe County School District,alternative,31.0,100,31,31.0,panel_exact,numeric,Recovered from the downloaded Clark and Washoe multi-year CSV as I Can Do Anything Charter High School.
2016-17,Rainshadow CCHS,16610,,,district_authorized,Washoe County School District,alternative,,,,,unmatched,public_rate_unavailable,Recovered from the downloaded Clark and Washoe multi-year CSV where entity 16610 appears as enCompass Academy; the school is present in the graduation universe but no usable public rate is shown in the export.
2017-18,Innovations Int'l Charter J-SHS,02363,02363,Innovations International Charter School of NV,district_authorized,Clark County School District,brick_and_mortar,97.5,31,31,100.0,nevada_export_exact,topcoded,Verified from the official 2017-18 annual ACGR PDF.
2018-19,Innovations Int'l Charter J-SHS,02363,02363,Innovations International Charter School of NV,district_authorized,Clark County School District,brick_and_mortar,90.0,30,27,90.0,nevada_export_exact,numeric,Verified from the official 2018-19 annual ACGR PDF.
2019-20,Innovations Int'l Charter J-SHS,02363,02363,Innovations International Charter School of NV,district_authorized,Clark County School District,brick_and_mortar,97.5,34,33,97.05882352941177,nevada_export_exact,topcoded,Confirmed in 2023-24 Nevada ACGR school table Verified from the 2019-20 annual ACGR file.
2020-21,Innovations Int'l Charter J-SHS,02363,02363,Innovations International Charter School of NV,district_authorized,Clark County School District,brick_and_mortar,97.5,21,20,95.23809523809524,nevada_export_exact,topcoded,Confirmed in 2023-24 Nevada ACGR school table Verified from the 2020-21 annual ACGR file.
2021-22,Innovations Int'l Charter J-SHS,02363,02363,Innovations International Charter School of NV,district_authorized,Clark County School District,brick_and_mortar,85.71,14,12,85.71428571428571,nevada_export_exact,numeric,Confirmed in 2023-24 Nevada ACGR school table Verified from the 2021-22 annual ACGR file.
2022-23,Innovations Int'l Charter J-SHS,02363,02363,Innovations International Charter School of NV,district_authorized,Clark County School District,brick_and_mortar,97.5,19,19,100.0,nevada_export_exact,topcoded,Confirmed in 2023-24 Nevada ACGR school table Verified from the 2022-23 annual ACGR file.
2023-24,Innovations Int'l Charter J-SHS,02363,02363,Innovations International Charter JR/SR High School,district_authorized,Clark County School District,brick_and_mortar,87.5,24,21,87.5,nevada_export_exact,numeric,Confirmed in 2023-24 Nevada ACGR school table Confirmed in cited graduation material for this class year.
2024-25,Innovations Int'l Charter J-SHS,02363,02363,Innovations International Charter JR/SR High School,district_authorized,Clark County School District,brick_and_mortar,92.3,26,24,92.3076923076923,nevada_export_exact,numeric,Verified from the official 2024-25 annual ACGR PDF.
2017-18,Odyssey Charter Schools 9-12 HS,02614,02614,Odyssey Charter High School,district_authorized,Clark County School District,brick_and_mortar,84.91,444,377,84.90990990990991,nevada_export_exact,numeric,Verified from the official 2017-18 annual ACGR PDF.
2018-19,Odyssey Charter Schools 9-12 HS,02614,02614,Odyssey Charter High School,district_authorized,Clark County School District,brick_and_mortar,90.2,428,386,90.18691588785046,nevada_export_exact,numeric,Confirmed in 2023-24 Nevada ACGR school table Verified from the 2018-19 annual ACGR file.
2019-20,Odyssey Charter Schools 9-12 HS,02614,02614,Odyssey Charter High School,district_authorized,Clark County School District,brick_and_mortar,90.5,433,392,90.5311778290993,nevada_export_exact,numeric,Confirmed in 2023-24 Nevada ACGR school table Verified from the 2019-20 annual ACGR file.
2020-21,Odyssey Charter Schools 9-12 HS,02614,02614,Odyssey Charter High School,district_authorized,Clark County School District,brick_and_mortar,92.13,483,445,92.13250517598344,nevada_export_exact,numeric,Confirmed in 2023-24 Nevada ACGR school table Verified from the 2020-21 annual ACGR file.
2021-22,Odyssey Charter Schools 9-12 HS,02614,02614,Odyssey Charter High School,district_authorized,Clark County School District,brick_and_mortar,88.22,433,382,88.2217090069284,nevada_export_exact,numeric,Confirmed in 2023-24 Nevada ACGR school table Verified from the 2021-22 annual ACGR file.
2022-23,Odyssey Charter Schools 9-12 HS,02614,02614,Odyssey Charter High School,district_authorized,Clark County School District,brick_and_mortar,93.2,441,411,93.19727891156462,nevada_export_exact,numeric,Confirmed in 2023-24 Nevada ACGR school table Verified from the 2022-23 annual ACGR file.
2023-24,Odyssey Charter Schools 9-12 HS,02614,02614,Odyssey Charter Schools 9-12 High School,district_authorized,Clark County School District,brick_and_mortar,91.9,423,389,91.96217494089835,nevada_export_exact,numeric,Confirmed in 2023-24 Nevada ACGR school table Confirmed in cited graduation material for this class year.
2024-25,Odyssey Charter Schools 9-12 HS,02614,02614,Odyssey Charter Schools 9-12 High School,district_authorized,Clark County School District,brick_and_mortar,93.0,478,445,93.09623430962343,nevada_export_exact,numeric,Verified from the official 2024-25 annual ACGR PDF.
2017-18,Explore Knowledge Academy J-SHS,02616,02616,Explore Knowledge Academy Charter Secondary,district_authorized,Clark County School District,brick_and_mortar,95.0,20,19,95.0,nevada_export_exact,numeric,Verified from the official 2017-18 annual ACGR PDF.
2018-19,Explore Knowledge Academy J-SHS,02616,02616,Explore Knowledge Academy Charter Secondary,district_authorized,Clark County School District,brick_and_mortar,97.5,26,25,96.15384615384616,nevada_export_exact,topcoded,Confirmed in 2023-24 Nevada ACGR school table Verified from the 2018-19 annual ACGR file.
2019-20,Explore Knowledge Academy J-SHS,02616,02616,Explore Knowledge Academy Charter Secondary,district_authorized,Clark County School District,brick_and_mortar,97.5,26,26,100.0,nevada_export_exact,topcoded,Confirmed in 2023-24 Nevada ACGR school table Verified from the 2019-20 annual ACGR file.
2020-21,Explore Knowledge Academy J-SHS,02616,02616,Explore Knowledge Academy Charter Secondary,district_authorized,Clark County School District,brick_and_mortar,97.5,15,15,100.0,nevada_export_exact,topcoded,Verified from the official 2020-21 annual ACGR PDF where the school is reported above 95 percent.
2021-22,Explore Knowledge Academy J-SHS,02616,02616,Explore Knowledge Academy Charter Secondary,district_authorized,Clark County School District,brick_and_mortar,97.5,25,25,100.0,nevada_export_exact,topcoded,Confirmed in 2023-24 Nevada ACGR school table Verified from the 2021-22 annual ACGR file.
2022-23,Explore Knowledge Academy J-SHS,02616,02616,Explore Knowledge Academy Charter Secondary,district_authorized,Clark County School District,brick_and_mortar,97.5,21,20,95.23809523809524,nevada_export_exact,topcoded,Confirmed in 2023-24 Nevada ACGR school table Verified from the 2022-23 annual ACGR file.
2023-24,Explore Knowledge Academy J-SHS,02616,02616,Explore Knowledge Academy JR/SR High School,district_authorized,Clark County School District,brick_and_mortar,97.5,22,21,95.45454545454545,nevada_export_exact,topcoded,Confirmed in 2023-24 Nevada ACGR school table Confirmed in cited graduation material for this class year.
2024-25,Explore Knowledge Academy J-SHS,02616,02616,Explore Knowledge Academy JR/SR High School,district_authorized,Clark County School District,brick_and_mortar,97.5,24,24,100.0,nevada_export_exact,topcoded,Verified from the official 2024-25 annual ACGR PDF where the school is reported above 95 percent.
2017-18,The Delta Academy J-SHS,02621,02621,Delta Academy,district_authorized,Clark County School District,brick_and_mortar,65.14,109,71,65.13761467889908,nevada_export_exact,numeric,Verified from the official 2017-18 annual ACGR PDF.
2018-19,The Delta Academy J-SHS,02621,02621,Delta Academy,district_authorized,Clark County School District,brick_and_mortar,73.5,98,72,73.46938775510205,nevada_export_exact,numeric,Confirmed in 2023-24 Nevada ACGR school table Verified from the 2018-19 annual ACGR file.
2019-20,The Delta Academy J-SHS,02621,02621,Delta Academy,district_authorized,Clark County School District,brick_and_mortar,74.3,148,110,74.32432432432432,nevada_export_exact,numeric,Confirmed in 2023-24 Nevada ACGR school table Verified from the 2019-20 annual ACGR file.
2020-21,The Delta Academy J-SHS,02621,02621,Delta Academy,district_authorized,Clark County School District,brick_and_mortar,58.71,201,118,58.70646766169154,nevada_export_exact,numeric,Confirmed in 2023-24 Nevada ACGR school table Verified from the 2020-21 annual ACGR file.
2021-22,The Delta Academy J-SHS,02621,02621,Delta Academy,district_authorized,Clark County School District,brick_and_mortar,68.81,218,150,68.80733944954129,nevada_export_exact,numeric,Confirmed in 2023-24 Nevada ACGR school table Verified from the 2021-22 annual ACGR file.
2022-23,The Delta Academy J-SHS,02621,02621,Delta Academy,district_authorized,Clark County School District,brick_and_mortar,78.99,276,218,78.98550724637681,nevada_export_exact,numeric,Confirmed in 2023-24 Nevada ACGR school table Verified from the 2022-23 annual ACGR file.
2023-24,The Delta Academy J-SHS,02621,02621,The Delta Academy JR/SR High School,district_authorized,Clark County School District,brick_and_mortar,77.9,267,208,77.90262172284645,nevada_export_exact,numeric,Confirmed in 2023-24 Nevada ACGR school table Confirmed in cited graduation material for this class year.
2024-25,The Delta Academy J-SHS,02621,02621,The Delta Academy JR/SR High School,district_authorized,Clark County School District,brick_and_mortar,84.0,395,332,84.0506329113924,nevada_export_exact,numeric,Verified from the official 2024-25 annual ACGR PDF.
2022-23,Explore Academy,107101,,,SPCSA,State Public Charter School Authority,brick_and_mortar,,,,,unmatched,no_grade12_enrollment,"The 2022-2023 enrollment workbook shows no grade 12 students for entity 107101, so this school-year is treated as outside the four-year graduation universe even though the high school program existed."
2023-24,Explore Academy,107101,,,SPCSA,State Public Charter School Authority,brick_and_mortar,75.0,,,,unmatched,numeric,Verified from the official 2023-24 annual ACGR PDF where Explore Academy is listed as an SPCSA high school.
2024-25,Explore Academy,107101,,,SPCSA,State Public Charter School Authority,brick_and_mortar,88.8,,,,unmatched,numeric,Verified from the official 2024-25 annual ACGR PDF where Explore Academy is listed as an SPCSA high school.
2022-23,Mater Academy East,49434,,,SPCSA,State Public Charter School Authority,brick_and_mortar,,,,,unmatched,no_grade12_enrollment,"The 2022-2023 enrollment workbook shows no grade 12 students for entity 49434, so this school-year is treated as outside the four-year graduation universe even though the high school program existed."
2023-24,Mater Academy East,49434,49434,Mater Academy East,SPCSA,State Public Charter School Authority,brick_and_mortar,97.5,148,146,98.64864864864865,nevada_export_exact,topcoded,Verified from the official 2023-24 annual ACGR PDF where Mater Academy East is reported above 95 percent.
2024-25,Mater Academy East,49434,49434,Mater Academy East,SPCSA,State Public Charter School Authority,brick_and_mortar,97.5,210,209,99.52380952380952,nevada_export_exact,topcoded,Verified from the official 2024-25 annual ACGR PDF where Mater Academy East is reported above 95 percent.
2023-24,CASLV Cadence,87316,,,SPCSA,State Public Charter School Authority,brick_and_mortar,,,,,unmatched,no_grade12_enrollment,"The 2023-2024 enrollment workbook shows no grade 12 students for entity 87316, so this school-year is treated as outside the four-year graduation universe even though the high school program existed."
2024-25,CASLV Cadence,87316,,,SPCSA,State Public Charter School Authority,brick_and_mortar,,,,,unmatched,no_grade12_enrollment,"The 2024-2025 enrollment workbook shows no grade 12 students for entity 87316, so this school-year is treated as outside the four-year graduation universe even though the high school program existed."
2023-24,Southern Nevada Trades High School,95301,,,SPCSA,State Public Charter School Authority,brick_and_mortar,,,,,unmatched,no_grade12_enrollment,"The 2023-2024 enrollment workbook shows no grade 12 students for entity 95301, so this school-year is treated as outside the four-year graduation universe even though the school was operating."
2024-25,Southern Nevada Trades High School,95301,,,SPCSA,State Public Charter School Authority,brick_and_mortar,2.5,,,,unmatched,bottomcoded,Verified from the official 2024-25 annual ACGR PDF; published ACGR row controls even though the current-year enrollment workbook shows no grade 12 students.
2024-25,Thrive Point Academy,96601,96601,Thrive Point Academy,SPCSA,State Public Charter School Authority,alternative,34.1,117,40,34.18803418803419,nevada_export_exact,numeric,Verified from the official 2024-25 annual ACGR PDF and aligned to Nevada's APF list.
2023-24,CIVICA Academy,110100,,,SPCSA,State Public Charter School Authority,brick_and_mortar,,,,,unmatched,no_grade12_enrollment,"The 2023-2024 enrollment workbook shows no grade 12 students for entity 110100, so this school-year is treated as outside the four-year graduation universe even though the high school program existed."
2024-25,CIVICA Academy,110100,,,SPCSA,State Public Charter School Authority,brick_and_mortar,,,,,unmatched,no_grade12_enrollment,"The 2024-2025 enrollment workbook shows no grade 12 students for entity 110100, so this school-year is treated as outside the four-year graduation universe even though the high school program existed."
2022-23,Young Women's Leadership Academy of Las Vegas,113100,,,SPCSA,State Public Charter School Authority,brick_and_mortar,,,,,unmatched,no_grade12_enrollment,"The 2022-2023 enrollment workbook shows no grade 12 students for entity 113100, so this school-year is treated as outside the four-year graduation universe even though the high school program existed."
2023-24,Young Women's Leadership Academy of Las Vegas,113100,,,SPCSA,State Public Charter School Authority,brick_and_mortar,,,,,unmatched,no_grade12_enrollment,"The 2023-2024 enrollment workbook shows no grade 12 students for entity 113100, so this school-year is treated as outside the four-year graduation universe even though the high school program existed."
2024-25,Young Women's Leadership Academy of Las Vegas,113100,,,SPCSA,State Public Charter School Authority,brick_and_mortar,,,,,unmatched,no_grade12_enrollment,"The 2024-2025 enrollment workbook shows no grade 12 students for entity 113100, so this school-year is treated as outside the four-year graduation universe even though the high school program existed."
2017-18,Academy for Career Education Charter,16608,16608,Academy of Career Education Charter School,district_authorized,Washoe County School District,brick_and_mortar,97.5,41,39,95.1219512195122,nevada_export_exact,topcoded,Needs validation against later school directory naming Verified from the 2017-18 annual ACGR file under the Academy of Career Education name.
2018-19,Academy for Career Education Charter,16608,16608,Academy of Career Education Charter School,district_authorized,Washoe County School District,brick_and_mortar,97.5,48,48,100.0,nevada_export_exact,topcoded,Needs validation against later school directory naming Verified from the 2018-19 annual ACGR file under the Academy of Career Education Charter School name.
2019-20,Academy for Career Education Charter,16608,16608,Academy For Career Education,district_authorized,Washoe County School District,brick_and_mortar,97.5,52,52,100.0,nevada_export_exact,topcoded,Verified from the official 2019-20 annual ACGR PDF under the shortened Academy of Career Educa name.
2020-21,Academy for Career Education Charter,16608,16608,Academy For Career Education,district_authorized,Washoe County School District,brick_and_mortar,97.5,42,42,100.0,nevada_export_exact,topcoded,Needs validation against later school directory naming Verified from the 2020-21 annual ACGR file under the Academy For Career Education name.
2021-22,Academy for Career Education Charter,16608,16608,Academy For Career Education,district_authorized,Washoe County School District,brick_and_mortar,97.5,49,49,100.0,nevada_export_exact,topcoded,Needs validation against later school directory naming Verified from the 2021-22 annual ACGR file under the Academy For Career Education name.
2022-23,Academy for Career Education Charter,16608,16608,Academy For Career Education,district_authorized,Washoe County School District,brick_and_mortar,97.5,53,53,100.0,nevada_export_exact,topcoded,Needs validation against later school directory naming Verified from the 2022-23 annual ACGR file under the Academy For Career Education name.
2023-24,Academy for Career Education Charter,16608,16608,Academy For Career Education,district_authorized,Washoe County School District,brick_and_mortar,97.5,46,46,100.0,nevada_export_exact,topcoded,Needs validation against later school directory naming Verified from the 2023-24 annual ACGR file under the Academy For Career Education name.
2024-25,Academy for Career Education Charter,16608,16608,Academy For Career Education,district_authorized,Washoe County School District,brick_and_mortar,97.5,67,66,98.50746268656717,nevada_export_exact,topcoded,Verified from the official 2024-25 annual ACGR PDF under the Academy For Career Education name.
2017-18,Coral Academy of Science Charter,16312,16312,Coral Academy High School,district_authorized,Washoe County School District,brick_and_mortar,97.5,37,37,100.0,nevada_export_exact,topcoded,Needs validation against later school directory naming Verified from the 2017-18 annual ACGR file under the Coral Academy High School name.
2018-19,Coral Academy of Science Charter,16312,16312,Coral Academy High School,district_authorized,Washoe County School District,brick_and_mortar,97.5,50,50,100.0,nevada_export_exact,topcoded,Needs validation against later school directory naming Verified from the 2018-19 annual ACGR file under the Coral Academy High School name.
2019-20,Coral Academy of Science Charter,16312,16312,Coral Academy High School,district_authorized,Washoe County School District,brick_and_mortar,97.5,39,39,100.0,nevada_export_exact,topcoded,Needs validation against later school directory naming Verified from the 2019-20 annual ACGR file under the Coral Academy High School name.
2020-21,Coral Academy of Science Charter,16312,16312,Coral Academy High School,district_authorized,Washoe County School District,brick_and_mortar,97.5,46,46,100.0,nevada_export_exact,topcoded,Needs validation against later school directory naming Verified from the 2020-21 annual ACGR file under the Coral Academy High School name.
2021-22,Coral Academy of Science Charter,16312,16312,Coral Academy High School,district_authorized,Washoe County School District,brick_and_mortar,97.5,78,76,97.43589743589743,nevada_export_exact,topcoded,Needs validation against later school directory naming Verified from the 2021-22 annual ACGR file under the Coral Academy High School name.
2022-23,Coral Academy of Science Charter,16312,16312,Coral Academy High School,district_authorized,Washoe County School District,brick_and_mortar,97.5,62,61,98.38709677419355,nevada_export_exact,topcoded,Needs validation against later school directory naming Verified from the 2022-23 annual ACGR file under the Coral Academy High School name.
2023-24,Coral Academy of Science Charter,16312,16312,Coral Academy High School,district_authorized,Washoe County School District,brick_and_mortar,93.6,79,74,93.67088607594937,nevada_export_exact,numeric,Needs validation against later school directory naming Verified from the 2023-24 annual ACGR file under the Coral Academy High School name.
2024-25,Coral Academy of Science Charter,16312,16312,Coral Academy High School,district_authorized,Washoe County School District,brick_and_mortar,93.7,80,75,93.75,nevada_export_exact,numeric,Verified from the official 2024-25 annual ACGR PDF under the Coral Academy High School name.
2017-18,ICDA Charter HS,16604,,,district_authorized,Washoe County School District,alternative,40.23,,,,unmatched,numeric,Appears as charter in Washoe accountability report Verified from the 2017-18 annual ACGR file under the I Can Do Anything Charter High School name.
2018-19,ICDA Charter HS,16604,,,district_authorized,Washoe County School District,alternative,39.8,,,,unmatched,numeric,Appears as charter in Washoe accountability report Verified from the 2018-19 annual ACGR file under the I Can Do Anything Charter High School name.
2019-20,ICDA Charter HS,16604,,,district_authorized,Washoe County School District,alternative,19.2,,,,unmatched,numeric,Appears as charter in Washoe accountability report Verified from the 2019-20 annual ACGR file under the I Can Do Anything Charter name.
2017-18,Rainshadow CCHS,16610,16610,enCompass Academy,district_authorized,Washoe County School District,alternative,40.63,32,13,40.625,nevada_export_exact,numeric,Later naming may align to enCompass or other alternative program Verified from the 2017-18 annual ACGR file where entity 16610 appears as enCompass Academy.
2018-19,Rainshadow CCHS,16610,16610,enCompass Academy,district_authorized,Washoe County School District,alternative,40.0,30,12,40.0,nevada_export_exact,numeric,Later naming may align to enCompass or other alternative program Verified from the 2018-19 annual ACGR file where entity 16610 appears as enCompass Academy.
2019-20,Rainshadow CCHS,16610,16610,enCompass Academy,district_authorized,Washoe County School District,alternative,67.7,31,21,67.74193548387096,nevada_export_exact,numeric,Later naming may align to enCompass or other alternative program Verified from the 2019-20 annual ACGR file where entity 16610 appears as enCompass Academy.
2020-21,Rainshadow CCHS,16610,16610,enCompass Academy,district_authorized,Washoe County School District,alternative,81.48,27,22,81.48148148148148,nevada_export_exact,numeric,Later naming may align to enCompass or other alternative program Verified from the 2020-21 annual ACGR file where entity 16610 appears as enCompass Academy.
2021-22,Rainshadow CCHS,16610,16610,enCompass Academy,district_authorized,Washoe County School District,alternative,66.67,36,24,66.66666666666667,nevada_export_exact,numeric,Later naming may align to enCompass or other alternative program Verified from the 2021-22 annual ACGR file where entity 16610 appears as enCompass Academy.
2022-23,Rainshadow CCHS,16610,16610,enCompass Academy,district_authorized,Washoe County School District,alternative,63.64,22,14,63.63636363636363,nevada_export_exact,numeric,Later naming may align to enCompass or other alternative program Verified from the 2022-23 annual ACGR file where entity 16610 appears as enCompass Academy.
2023-24,Rainshadow CCHS,16610,16610,Encompass Academy,district_authorized,Washoe County School District,alternative,69.5,46,32,69.56521739130434,nevada_export_exact,numeric,Later naming may align to enCompass or other alternative program Verified from the 2023-24 annual ACGR file where entity 16610 appears as enCompass Academy.
2024-25,Rainshadow CCHS,16610,16610,Encompass Academy,district_authorized,Washoe County School District,alternative,91.3,23,21,91.30434782608695,nevada_export_exact,numeric,Verified from the official 2024-25 annual ACGR PDF where entity 16610 appears as enCompass Academy.
2017-18,Alpine Acad,,76412,Alpine Academy High School,SPCSA,State Public Charter School Authority,alternative,86.21,29,25,86.20689655172414,nevada_export_exact,numeric,Verified from the official 2017-18 annual ACGR PDF.
2018-19,Alpine Acad,,76412,Alpine Academy High School,SPCSA,State Public Charter School Authority,alternative,90.6,32,29,90.625,nevada_export_exact,numeric,Entity id not captured in cited SPCSA deck Verified from 2019-20 SPCSA final deck reporting 2018-19 and 2019-20 rates.
2019-20,Alpine Acad,,76412,Alpine Academy Charter High School,SPCSA,State Public Charter School Authority,alternative,97.5,14,14,100.0,nevada_export_exact,topcoded_exact_shown,Entity id not captured in cited SPCSA deck Verified from 2019-20 SPCSA final deck reporting 2018-19 and 2019-20 rates.
2020-21,Alpine Acad,,76412,Alpine Academy,SPCSA,State Public Charter School Authority,alternative,96.2,27,26,96.29629629629629,nevada_export_exact,numeric,Entity id not captured in cited SPCSA deck Verified from 2021-22 SPCSA final deck reporting 2020-21 and 2021-22 rates.
2021-22,Alpine Acad,,76412,Alpine Academy High School,SPCSA,State Public Charter School Authority,alternative,97.0,34,33,97.05882352941177,nevada_export_exact,numeric,Entity id not captured in cited SPCSA deck Verified from SPCSA attachment citing NDE class of 2021-22 ACGR.
2022-23,Alpine Acad,,76412,Alpine Academy High School,SPCSA,State Public Charter School Authority,alternative,90.9,22,20,90.9090909090909,nevada_export_exact,numeric,Entity id not captured in cited SPCSA deck Confirmed in cited graduation material for this class year.
2023-24,Alpine Acad,,76412,Alpine Academy High School,SPCSA,State Public Charter School Authority,alternative,97.5,38,37,97.36842105263158,nevada_export_exact,topcoded,Verified from the official 2023-24 annual ACGR PDF where Alpine Academy is reported above 95 percent.
2024-25,Alpine Acad,,76412,Alpine Academy High School,SPCSA,State Public Charter School Authority,alternative,97.5,36,36,100.0,nevada_export_exact,topcoded_exact_shown,Verified from the SPCSA 2025 graduation deck citing NDE class of 2024-25 ACGR.
2017-18,Amplus Durango,,50431,American Preparatory Academy LV,SPCSA,State Public Charter School Authority,brick_and_mortar,64.29,14,9.0006,64.29,rate_mid_imputed_from_panel,numeric,Verified from the official 2017-18 annual ACGR PDF where the school appears under the American Preparatory Academy name.
2018-19,Amplus Durango,,50431,American Preparatory Academy LV,SPCSA,State Public Charter School Authority,brick_and_mortar,95.9,49,47,95.91836734693878,nevada_export_exact,numeric,Entity id not captured in cited SPCSA deck Verified from 2019-20 SPCSA final deck reporting 2018-19 and 2019-20 rates.
2019-20,Amplus Durango,,50431,Amplus Academy- Durango,SPCSA,State Public Charter School Authority,brick_and_mortar,98.3,62,61,98.38709677419355,nevada_export_exact,numeric,Entity id not captured in cited SPCSA deck Verified from 2019-20 SPCSA final deck reporting 2018-19 and 2019-20 rates.
2020-21,Amplus Durango,,50431,Amplus Durango,SPCSA,State Public Charter School Authority,brick_and_mortar,95.1,82,78,95.1219512195122,nevada_export_exact,numeric,Entity id not captured in cited SPCSA deck Verified from 2021-22 SPCSA final deck reporting 2020-21 and 2021-22 rates.
2021-22,Amplus Durango,,50431,Amplus Durango,SPCSA,State Public Charter School Authority,brick_and_mortar,97.6,85,83,97.6470588235294,nevada_export_exact,numeric,Entity id not captured in cited SPCSA deck Verified from SPCSA attachment citing NDE class of 2021-22 ACGR.
2022-23,Amplus Durango,,50431,Amplus Durango,SPCSA,State Public Charter School Authority,brick_and_mortar,97.5,101,101,100.0,nevada_export_exact,topcoded_exact_shown,Entity id not captured in cited SPCSA deck Confirmed in cited graduation material for this class year.
2023-24,Amplus Durango,,50431,Amplus Durango,SPCSA,State Public Charter School Authority,brick_and_mortar,97.5,114,114,100.0,nevada_export_exact,topcoded,Verified from the official 2023-24 annual ACGR PDF where Amplus Durango is reported above 95 percent.
2024-25,Amplus Durango,,50431,Amplus Durango,SPCSA,State Public Charter School Authority,brick_and_mortar,99.2,128,127,99.21875,nevada_export_exact,numeric,Verified from the SPCSA 2025 graduation deck citing NDE class of 2024-25 ACGR.
2017-18,Argent Preparatory Academy,,,,SPCSA,State Public Charter School Authority,brick_and_mortar,36.36,,,,unmatched,numeric,Older SPCSA high school historically associated with Silver State Charter School in Carson City. Verified from the official 2017-18 annual ACGR PDF.
2017-18,Beacon Acad,,89409,Beacon Academy of Nevada,SPCSA,State Public Charter School Authority,alternative,33.21,271,90,33.210332103321036,nevada_export_exact,numeric,Verified from the official 2017-18 annual ACGR PDF.
2018-19,Beacon Acad,,89409,Beacon Academy of Nevada,SPCSA,State Public Charter School Authority,alternative,25.0,272,68,25.0,nevada_export_exact,numeric,SPCSA separately reports portfolio rates excluding Beacon Verified from 2019-20 SPCSA final deck reporting 2018-19 and 2019-20 rates.
2019-20,Beacon Acad,,89409,Beacon Academy of Nevada,SPCSA,State Public Charter School Authority,alternative,20.0,239,48,20.0836820083682,nevada_export_exact,numeric,SPCSA separately reports portfolio rates excluding Beacon Verified from 2019-20 SPCSA final deck reporting 2018-19 and 2019-20 rates.
2020-21,Beacon Acad,,89409,Beacon Academy of Nevada,SPCSA,State Public Charter School Authority,alternative,13.9,179,25,13.966480446927374,nevada_export_exact,numeric,SPCSA separately reports portfolio rates excluding Beacon Verified from 2021-22 SPCSA final deck reporting 2020-21 and 2021-22 rates.
2021-22,Beacon Acad,,89409,Beacon Academy of Nevada,SPCSA,State Public Charter School Authority,alternative,17.8,246,44,17.88617886178862,nevada_export_exact,numeric,SPCSA separately reports portfolio rates excluding Beacon; transitioned to exclusively alternative education mission in December 2016 and is a strong candidate for separate reporting Verified from SPCSA attachment citing NDE class of 2021-22 ACGR.
2022-23,Beacon Acad,,89409,Beacon Academy of Nevada,SPCSA,State Public Charter School Authority,alternative,15.2,375,57,15.2,nevada_export_exact,numeric,SPCSA separately reports portfolio rates excluding Beacon; transitioned to exclusively alternative education mission in December 2016 and is a strong candidate for separate reporting Confirmed in cited graduation material for this class year.
2023-24,Beacon Acad,,89409,Beacon Academy of Nevada,SPCSA,State Public Charter School Authority,alternative,19.1,511,98,19.17808219178082,nevada_export_exact,numeric,Verified from the official 2023-24 annual ACGR PDF.
2024-25,Beacon Acad,,89409,Beacon Academy of Nevada,SPCSA,State Public Charter School Authority,alternative,25.9,548,142,25.912408759124087,nevada_export_exact,numeric,Verified from the SPCSA 2025 graduation deck citing NDE class of 2024-25 ACGR.
2017-18,CASLV Sandy Ridge,87312,87312,Coral Academy of Science Las Vegas Sandy Ridge,SPCSA,State Public Charter School Authority,brick_and_mortar,97.5,63,63,100.0,nevada_export_exact,topcoded,Verified from the official 2017-18 annual ACGR PDF as Coral Academy of Science Las Vegas Sandy Ridge.
2018-19,CASLV Sandy Ridge,,87312,Coral Academy of Science Las Vegas Sandy Ridge,SPCSA,State Public Charter School Authority,brick_and_mortar,97.8,92,90,97.82608695652173,nevada_export_exact,numeric,Entity id not captured in cited SPCSA deck Verified from 2019-20 SPCSA final deck reporting 2018-19 and 2019-20 rates.
2019-20,CASLV Sandy Ridge,,87312,Coral Academy of Science Las Vegas Sandy Ridge Campus,SPCSA,State Public Charter School Authority,brick_and_mortar,97.5,93,93,100.0,nevada_export_exact,topcoded_exact_shown,Entity id not captured in cited SPCSA deck Verified from 2019-20 SPCSA final deck reporting 2018-19 and 2019-20 rates.
2020-21,CASLV Sandy Ridge,,87312,Coral Academy Sandy Ridge,SPCSA,State Public Charter School Authority,brick_and_mortar,99.0,109,108,99.08256880733946,nevada_export_exact,numeric,Entity id not captured in cited SPCSA deck Verified from 2021-22 SPCSA final deck reporting 2020-21 and 2021-22 rates.
2021-22,CASLV Sandy Ridge,,87312,Coral Academy Sandy Ridge,SPCSA,State Public Charter School Authority,brick_and_mortar,97.5,111,111,100.0,nevada_export_exact,topcoded_exact_shown,Entity id not captured in cited SPCSA deck Verified from SPCSA attachment citing NDE class of 2021-22 ACGR.
2022-23,CASLV Sandy Ridge,,87312,Coral Academy Sandy Ridge,SPCSA,State Public Charter School Authority,brick_and_mortar,97.5,141,141,100.0,nevada_export_exact,topcoded_exact_shown,Entity id not captured in cited SPCSA deck Confirmed in cited graduation material for this class year.
2023-24,CASLV Sandy Ridge,,87312,Coral Academy Sandy Ridge,SPCSA,State Public Charter School Authority,brick_and_mortar,97.5,127,126,99.21259842519684,nevada_export_exact,topcoded,Verified from the official 2023-24 annual ACGR PDF where Coral Academy Sandy Ridge is reported above 95 percent.
2024-25,CASLV Sandy Ridge,,87312,Coral Academy Sandy Ridge,SPCSA,State Public Charter School Authority,brick_and_mortar,99.4,169,168,99.40828402366864,nevada_export_exact,numeric,Verified from the SPCSA 2025 graduation deck citing NDE class of 2024-25 ACGR.
2017-18,Democracy Prep,46300,,,ASD,Achievement School District,brick_and_mortar,87.5,,,,unmatched,numeric,Verified from the official 2017-18 annual ACGR PDF where the school appears as Democracy Prep at Agassi High under the Achievement School District.
2018-19,Democracy Prep,46300,46300,Democracy Prep at Agassi High,ASD,Achievement School District,brick_and_mortar,80.0,25,20,80.0,nevada_export_exact,numeric,Verified from the official 2018-19 annual ACGR PDF where the school appears as Democracy Prep at Agassi High under the Achievement School District.
2019-20,Democracy Prep,,46300,Democracy Prep at the Agassi Campus Highschool,SPCSA,State Public Charter School Authority,brick_and_mortar,93.9,33,31,93.93939393939394,nevada_export_exact,numeric,Entity id not captured in cited SPCSA deck Verified from 2019-20 SPCSA final deck reporting 2018-19 and 2019-20 rates.
2020-21,Democracy Prep,,46300,Democracy Prep at Agassi High,SPCSA,State Public Charter School Authority,brick_and_mortar,86.4,37,32,86.48648648648648,nevada_export_exact,numeric,Entity id not captured in cited SPCSA deck Verified from 2021-22 SPCSA final deck reporting 2020-21 and 2021-22 rates.
2021-22,Democracy Prep,,46300,Democracy Prep at Agassi High,SPCSA,State Public Charter School Authority,brick_and_mortar,86.3,22,19,86.36363636363636,nevada_export_exact,numeric,Entity id not captured in cited SPCSA deck Verified from SPCSA attachment citing NDE class of 2021-22 ACGR.
2022-23,Democracy Prep,,46300,Democracy Prep at Agassi High,SPCSA,State Public Charter School Authority,brick_and_mortar,91.1,45,41,91.11111111111111,nevada_export_exact,numeric,Entity id not captured in cited SPCSA deck Confirmed in cited graduation material for this class year.
2023-24,Democracy Prep,,46300,Democracy Prep at Agassi High School,SPCSA,State Public Charter School Authority,brick_and_mortar,83.3,54,45,83.33333333333333,nevada_export_exact,numeric,Verified from the official 2023-24 annual ACGR PDF where the school is reported as Democracy Prep Agassi Campus.
2024-25,Democracy Prep,,46300,Democracy Prep at Agassi High School,SPCSA,State Public Charter School Authority,brick_and_mortar,85.5,69,59,85.5072463768116,nevada_export_exact,numeric,Verified from the SPCSA 2025 graduation deck citing NDE class of 2024-25 ACGR.
2019-20,Doral Red Rock,,55202,Doral Academy of Nevada Red Rock,SPCSA,State Public Charter School Authority,brick_and_mortar,97.5,47,47,100.0,nevada_export_exact,topcoded_exact_shown,Entity id not captured in cited SPCSA deck Verified from 2019-20 SPCSA final deck reporting 2018-19 and 2019-20 rates.
2020-21,Doral Red Rock,,55202,Doral Academy Red Rock,SPCSA,State Public Charter School Authority,brick_and_mortar,97.5,62,62,100.0,nevada_export_exact,topcoded_exact_shown,Entity id not captured in cited SPCSA deck Verified from 2021-22 SPCSA final deck reporting 2020-21 and 2021-22 rates.
2021-22,Doral Red Rock,,55202,Doral Academy Red Rock,SPCSA,State Public Charter School Authority,brick_and_mortar,99.1,116,115,99.13793103448276,nevada_export_exact,numeric,Entity id not captured in cited SPCSA deck Verified from SPCSA attachment citing NDE class of 2021-22 ACGR.
2022-23,Doral Red Rock,,55202,Doral Academy Red Rock,SPCSA,State Public Charter School Authority,brick_and_mortar,97.5,165,165,100.0,nevada_export_exact,topcoded_exact_shown,Entity id not captured in cited SPCSA deck Confirmed in cited graduation material for this class year.
2023-24,Doral Red Rock,,55202,Doral Academy Red Rock,SPCSA,State Public Charter School Authority,brick_and_mortar,97.5,208,207,99.51923076923077,nevada_export_exact,topcoded,Verified from the official 2023-24 annual ACGR PDF where Doral Red Rock is reported above 95 percent.
2024-25,Doral Red Rock,,55202,Doral Academy Red Rock,SPCSA,State Public Charter School Authority,brick_and_mortar,98.6,218,215,98.62385321100918,nevada_export_exact,numeric,Verified from the SPCSA 2025 graduation deck citing NDE class of 2024-25 ACGR.
2017-18,Equipo Acad,,48433,Equipo Academy,SPCSA,State Public Charter School Authority,alternative,94.87,78,74,94.87179487179488,nevada_export_exact,numeric,Verified from the official 2017-18 annual ACGR PDF as Equipo Academy.
2018-19,Equipo Acad,,48433,Equipo Academy,SPCSA,State Public Charter School Authority,alternative,98.0,52,51,98.07692307692308,nevada_export_exact,numeric,Likely alternative/credit-recovery model; verify in directory Verified from 2019-20 SPCSA final deck reporting 2018-19 and 2019-20 rates.
2019-20,Equipo Acad,,48433,Equipo Academy,SPCSA,State Public Charter School Authority,alternative,96.3,55,53,96.36363636363636,nevada_export_exact,numeric,Likely alternative/credit-recovery model; verify in directory Verified from 2019-20 SPCSA final deck reporting 2018-19 and 2019-20 rates.
2020-21,Equipo Acad,,48433,Equipo Academy,SPCSA,State Public Charter School Authority,alternative,87.3,95,83,87.36842105263158,nevada_export_exact,numeric,Likely alternative/credit-recovery model; verify in directory Verified from 2021-22 SPCSA final deck reporting 2020-21 and 2021-22 rates.
2021-22,Equipo Acad,,48433,Equipo Academy,SPCSA,State Public Charter School Authority,alternative,97.5,97,97,100.0,nevada_export_exact,topcoded_exact_shown,Likely alternative/credit-recovery model; verify in directory Verified from SPCSA attachment citing NDE class of 2021-22 ACGR.
2022-23,Equipo Acad,,48433,Equipo Academy,SPCSA,State Public Charter School Authority,alternative,97.5,91,91,100.0,nevada_export_exact,topcoded_exact_shown,Likely alternative/credit-recovery model; verify in directory Confirmed in cited graduation material for this class year.
2023-24,Equipo Acad,,48433,Equipo Academy,SPCSA,State Public Charter School Authority,alternative,94.4,109,103,94.4954128440367,nevada_export_exact,numeric,Verified from the official 2023-24 annual ACGR PDF.
2024-25,Equipo Acad,,48433,Equipo Academy,SPCSA,State Public Charter School Authority,alternative,90.2,113,102,90.26548672566372,nevada_export_exact,numeric,Verified from the SPCSA 2025 graduation deck citing NDE class of 2024-25 ACGR.
2017-18,Founders Acad,,51430,Founders Academy of Las Vegas,SPCSA,State Public Charter School Authority,brick_and_mortar,81.82,11,9.0002,81.82,rate_mid_imputed_from_panel,numeric,Verified from the official 2017-18 annual ACGR PDF as Founders Academy of Nevada.
2018-19,Founders Acad,,51430,Founders Classical Academy of Las Vegas,SPCSA,State Public Charter School Authority,brick_and_mortar,97.5,15,15,100.0,nevada_export_exact,topcoded_exact_shown,Entity id not captured in cited SPCSA deck Verified from 2019-20 SPCSA final deck reporting 2018-19 and 2019-20 rates.
2019-20,Founders Acad,,51430,Founders Classical Academy of Las Vegas,SPCSA,State Public Charter School Authority,brick_and_mortar,97.5,14,14,100.0,nevada_export_exact,topcoded_exact_shown,Entity id not captured in cited SPCSA deck Verified from 2019-20 SPCSA final deck reporting 2018-19 and 2019-20 rates.
2020-21,Founders Acad,,51430,Founders Academy of Las Vegas,SPCSA,State Public Charter School Authority,brick_and_mortar,93.7,16,15,93.75,nevada_export_exact,numeric,Entity id not captured in cited SPCSA deck Verified from 2021-22 SPCSA final deck reporting 2020-21 and 2021-22 rates.
2021-22,Founders Acad,,51430,Founders Academy of Las Vegas,SPCSA,State Public Charter School Authority,brick_and_mortar,97.5,30,30,100.0,nevada_export_exact,topcoded_exact_shown,Entity id not captured in cited SPCSA deck Verified from SPCSA attachment citing NDE class of 2021-22 ACGR.
2022-23,Founders Acad,,51430,Founders Academy of Las Vegas,SPCSA,State Public Charter School Authority,brick_and_mortar,97.5,22,22,100.0,nevada_export_exact,topcoded_exact_shown,Entity id not captured in cited SPCSA deck Confirmed in cited graduation material for this class year.
2023-24,Founders Acad,,51430,Founders Academy of Las Vegas,SPCSA,State Public Charter School Authority,brick_and_mortar,97.5,37,37,100.0,nevada_export_exact,topcoded,Verified from the official 2023-24 annual ACGR PDF where Founders Academy is reported above 95 percent.
2024-25,Founders Acad,,51430,Founders Academy of Las Vegas,SPCSA,State Public Charter School Authority,brick_and_mortar,97.5,33,33,100.0,nevada_export_exact,topcoded_exact_shown,Verified from the SPCSA 2025 graduation deck citing NDE class of 2024-25 ACGR.
2017-18,Leadership Acad,,52429,Leadership Academy of Nevada,SPCSA,State Public Charter School Authority,alternative,83.33,12,10,83.33333333333333,nevada_export_exact,numeric,Verified from the official 2017-18 annual ACGR PDF as Leadership Academy of Nevada.
2018-19,Leadership Acad,,52429,Leadership Academy of Nevada,SPCSA,State Public Charter School Authority,alternative,92.0,25,23,92.0,nevada_export_exact,numeric,Likely alternative/credit-recovery model; verify in directory Verified from 2019-20 SPCSA final deck reporting 2018-19 and 2019-20 rates.
2019-20,Leadership Acad,,52429,Leadership Academy of Nevada,SPCSA,State Public Charter School Authority,alternative,94.4,18,17,94.44444444444444,nevada_export_exact,numeric,Likely alternative/credit-recovery model; verify in directory Verified from 2019-20 SPCSA final deck reporting 2018-19 and 2019-20 rates.
2020-21,Leadership Acad,,52429,Leadership Academy of Nevada,SPCSA,State Public Charter School Authority,alternative,96.0,25,24,96.0,nevada_export_exact,numeric,Likely alternative/credit-recovery model; verify in directory Verified from 2021-22 SPCSA final deck reporting 2020-21 and 2021-22 rates.
2021-22,Leadership Acad,,52429,Leadership Academy of Nevada,SPCSA,State Public Charter School Authority,alternative,96.4,28,27,96.42857142857143,nevada_export_exact,numeric,Likely alternative/credit-recovery model; verify in directory Verified from SPCSA attachment citing NDE class of 2021-22 ACGR.
2022-23,Leadership Acad,,52429,Leadership Academy of Nevada,SPCSA,State Public Charter School Authority,alternative,87.5,16,14,87.5,nevada_export_exact,numeric,Likely alternative/credit-recovery model; verify in directory Confirmed in cited graduation material for this class year.
2023-24,Leadership Acad,,52429,Leadership Academy of Nevada,SPCSA,State Public Charter School Authority,alternative,90.0,20,18,90.0,nevada_export_exact,numeric,Verified from the official 2023-24 annual ACGR PDF.
2024-25,Leadership Acad,,52429,Leadership Academy of Nevada,SPCSA,State Public Charter School Authority,alternative,89.2,28,25,89.28571428571429,nevada_export_exact,numeric,Verified from the SPCSA 2025 graduation deck citing NDE class of 2024-25 ACGR.
2017-18,Nevada Connections Acad,,85405,Nevada Connections Academy,SPCSA,State Public Charter School Authority,statewide_online,63.77,541,345,63.77079482439926,nevada_export_exact,numeric,Verified from the official 2017-18 annual ACGR PDF.
2018-19,Nevada Connections Acad,,85405,Nevada Connections Academy,SPCSA,State Public Charter School Authority,statewide_online,69.8,392,274,69.89795918367346,nevada_export_exact,numeric,Online school Verified from 2019-20 SPCSA final deck reporting 2018-19 and 2019-20 rates.
2019-20,Nevada Connections Acad,,85405,Nevada Connections Academy,SPCSA,State Public Charter School Authority,statewide_online,80.2,238,191,80.25210084033614,nevada_export_exact,numeric,Online school Verified from 2019-20 SPCSA final deck reporting 2018-19 and 2019-20 rates.
2020-21,Nevada Connections Acad,,85405,Nevada Connections Academy,SPCSA,State Public Charter School Authority,statewide_online,86.1,296,255,86.14864864864865,nevada_export_exact,numeric,Online school Verified from 2021-22 SPCSA final deck reporting 2020-21 and 2021-22 rates.
2021-22,Nevada Connections Acad,,85405,Nevada Connections Academy,SPCSA,State Public Charter School Authority,statewide_online,80.6,326,263,80.67484662576688,nevada_export_exact,numeric,Online school Verified from SPCSA attachment citing NDE class of 2021-22 ACGR.
2022-23,Nevada Connections Acad,,85405,Nevada Connections Academy,SPCSA,State Public Charter School Authority,statewide_online,81.4,254,207,81.49606299212599,nevada_export_exact,numeric,Online school Confirmed in cited graduation material for this class year.
2023-24,Nevada Connections Acad,,85405,Nevada Connections Academy,SPCSA,State Public Charter School Authority,statewide_online,81.9,333,273,81.98198198198199,nevada_export_exact,numeric,Verified from the official 2023-24 annual ACGR PDF.
2024-25,Nevada Connections Acad,,85405,Nevada Connections Academy,SPCSA,State Public Charter School Authority,statewide_online,82.2,287,236,82.22996515679442,nevada_export_exact,numeric,Verified from the SPCSA 2025 graduation deck citing NDE class of 2024-25 ACGR.
2017-18,Nevada Virtual Charter,,86404,Nevada Virtual Academy,SPCSA,State Public Charter School Authority,statewide_online,83.7,227,190,83.70044052863436,nevada_export_exact,numeric,Verified from the official 2017-18 annual ACGR PDF.
2018-19,Nevada Virtual Charter,,86404,Nevada Virtual Academy,SPCSA,State Public Charter School Authority,statewide_online,85.8,261,224,85.82375478927203,nevada_export_exact,numeric,Online school Verified from 2019-20 SPCSA final deck reporting 2018-19 and 2019-20 rates.
2019-20,Nevada Virtual Charter,,86404,Nevada Virtual Academy,SPCSA,State Public Charter School Authority,statewide_online,88.6,274,243,88.68613138686132,nevada_export_exact,numeric,Online school Verified from 2019-20 SPCSA final deck reporting 2018-19 and 2019-20 rates.
2020-21,Nevada Virtual Charter,,86404,Nevada Virtual Academy,SPCSA,State Public Charter School Authority,statewide_online,86.2,247,213,86.23481781376518,nevada_export_exact,numeric,Online school Verified from 2021-22 SPCSA final deck reporting 2020-21 and 2021-22 rates.
2021-22,Nevada Virtual Charter,,86404,Nevada Virtual Academy,SPCSA,State Public Charter School Authority,statewide_online,86.0,286,246,86.01398601398601,nevada_export_exact,numeric,Online school Verified from SPCSA attachment citing NDE class of 2021-22 ACGR.
2022-23,Nevada Virtual Charter,,86404,Nevada Virtual Charter School,SPCSA,State Public Charter School Authority,statewide_online,87.3,285,249,87.36842105263158,nevada_export_exact,numeric,Online school Confirmed in cited graduation material for this class year.
2023-24,Nevada Virtual Charter,,86404,Nevada Virtual Charter School,SPCSA,State Public Charter School Authority,statewide_online,87.8,312,274,87.82051282051282,nevada_export_exact,numeric,Verified from the official 2023-24 annual ACGR PDF.
2024-25,Nevada Virtual Charter,,86404,Nevada Virtual Charter School,SPCSA,State Public Charter School Authority,statewide_online,88.0,317,279,88.01261829652996,nevada_export_exact,numeric,Verified from the SPCSA 2025 graduation deck citing NDE class of 2024-25 ACGR.
2017-18,NSHS Downtown,,81101,Nevada State High School Downtown,SPCSA,State Public Charter School Authority,brick_and_mortar,97.5,29,29,100.0,nevada_export_exact,topcoded,Verified from the official 2017-18 annual ACGR PDF as Nevada State High School Downtown.
2018-19,NSHS Downtown,,81101,Nevada State High School Downtown,SPCSA,State Public Charter School Authority,brick_and_mortar,94.7,19,18,94.73684210526316,nevada_export_exact,numeric,Nevada State High School campus Verified from 2019-20 SPCSA final deck reporting 2018-19 and 2019-20 rates.
2019-20,NSHS Downtown,,81101,Nevada State High School Downtown,SPCSA,State Public Charter School Authority,brick_and_mortar,97.5,41,40,97.5609756097561,nevada_export_exact,numeric,Nevada State High School campus Verified from 2019-20 SPCSA final deck reporting 2018-19 and 2019-20 rates.
2020-21,NSHS Downtown,,81101,Nevada State High School Downtown,SPCSA,State Public Charter School Authority,brick_and_mortar,97.5,33,33,100.0,nevada_export_exact,topcoded_exact_shown,Nevada State High School campus Verified from 2021-22 SPCSA final deck reporting 2020-21 and 2021-22 rates.
2021-22,NSHS Downtown,,81101,Nevada State High School Downtown,SPCSA,State Public Charter School Authority,brick_and_mortar,97.5,21,21,100.0,nevada_export_exact,topcoded_exact_shown,Nevada State High School campus Verified from SPCSA attachment citing NDE class of 2021-22 ACGR.
2022-23,NSHS Downtown,,81101,Nevada State High School Downtown,SPCSA,State Public Charter School Authority,brick_and_mortar,97.5,43,43,100.0,nevada_export_exact,topcoded_exact_shown,Nevada State High School campus Confirmed in cited graduation material for this class year.
2023-24,NSHS Downtown,,81101,Nevada State High School Downtown,SPCSA,State Public Charter School Authority,brick_and_mortar,97.5,19,19,100.0,nevada_export_exact,topcoded,Verified from the official 2023-24 annual ACGR PDF where the campus is reported above 95 percent.
2024-25,NSHS Downtown,,81101,Nevada State High School Downtown,SPCSA,State Public Charter School Authority,brick_and_mortar,97.5,19,19,100.0,nevada_export_exact,topcoded_exact_shown,Verified from the SPCSA 2025 graduation deck citing NDE class of 2024-25 ACGR.
2020-21,NSHS Dtwn Henderson,,81107,Nevada State High School Downtown Henderson,SPCSA,State Public Charter School Authority,brick_and_mortar,97.5,43,43,100.0,nevada_export_exact,topcoded_exact_shown,Nevada State High School campus Verified from 2021-22 SPCSA final deck reporting 2020-21 and 2021-22 rates.
2021-22,NSHS Dtwn Henderson,,81107,Nevada State High School Downtown Henderson,SPCSA,State Public Charter School Authority,brick_and_mortar,97.7,45,44,97.77777777777777,nevada_export_exact,numeric,Nevada State High School campus Verified from SPCSA attachment citing NDE class of 2021-22 ACGR.
2022-23,NSHS Dtwn Henderson,,81107,Nevada State High School Downtown Henderson,SPCSA,State Public Charter School Authority,brick_and_mortar,98.4,63,62,98.41269841269842,nevada_export_exact,numeric,Nevada State High School campus Confirmed in cited graduation material for this class year.
2023-24,NSHS Dtwn Henderson,,81107,Nevada State High School Downtown Henderson,SPCSA,State Public Charter School Authority,brick_and_mortar,97.5,52,52,100.0,nevada_export_exact,topcoded,Verified from the official 2023-24 annual ACGR PDF where the campus is reported above 95 percent.
2024-25,NSHS Dtwn Henderson,,81107,Nevada State High School Downtown Henderson,SPCSA,State Public Charter School Authority,brick_and_mortar,97.5,60,60,100.0,nevada_export_exact,topcoded_exact_shown,Verified from the SPCSA 2025 graduation deck citing NDE class of 2024-25 ACGR.
2017-18,NSHS Henderson,,81103,Nevada State High School Henderson,SPCSA,State Public Charter School Authority,brick_and_mortar,97.5,143,140,97.9020979020979,nevada_export_exact,topcoded,Verified from the official 2017-18 annual ACGR PDF as Nevada State High School Henderson.
2018-19,NSHS Henderson,,81103,Nevada State High School Henderson,SPCSA,State Public Charter School Authority,brick_and_mortar,97.9,148,145,97.97297297297297,nevada_export_exact,numeric,Nevada State High School campus Verified from 2019-20 SPCSA final deck reporting 2018-19 and 2019-20 rates.
2019-20,NSHS Henderson,,81103,Nevada State High School Henderson,SPCSA,State Public Charter School Authority,brick_and_mortar,98.3,178,175,98.31460674157303,nevada_export_exact,numeric,Nevada State High School campus Verified from 2019-20 SPCSA final deck reporting 2018-19 and 2019-20 rates.
2020-21,NSHS Henderson,,81103,Nevada State High School Henderson,SPCSA,State Public Charter School Authority,brick_and_mortar,98.4,132,130,98.48484848484848,nevada_export_exact,numeric,Nevada State High School campus Verified from 2021-22 SPCSA final deck reporting 2020-21 and 2021-22 rates.
2021-22,NSHS Henderson,,81103,Nevada State High School Henderson,SPCSA,State Public Charter School Authority,brick_and_mortar,98.3,118,116,98.30508474576271,nevada_export_exact,numeric,Nevada State High School campus Verified from SPCSA attachment citing NDE class of 2021-22 ACGR.
2022-23,NSHS Henderson,,81103,Nevada State High School Henderson,SPCSA,State Public Charter School Authority,brick_and_mortar,98.3,124,122,98.38709677419355,nevada_export_exact,numeric,Nevada State High School campus Confirmed in cited graduation material for this class year.
2023-24,NSHS Henderson,,81103,Nevada State High School Henderson,SPCSA,State Public Charter School Authority,brick_and_mortar,97.5,127,126,99.21259842519684,nevada_export_exact,topcoded,Verified from the official 2023-24 annual ACGR PDF where the campus is reported above 95 percent.
2024-25,NSHS Henderson,,81103,Nevada State High School Henderson,SPCSA,State Public Charter School Authority,brick_and_mortar,98.9,92,91,98.91304347826087,nevada_export_exact,numeric,Verified from the SPCSA 2025 graduation deck citing NDE class of 2024-25 ACGR.
2018-19,NSHS Meadowwood,,,,SPCSA,State Public Charter School Authority,brick_and_mortar,,,,,unmatched,small_n_unreported,Nevada State High School campus School status verified from 2019-20 SPCSA final deck; public rate unavailable or not applicable for this class year.
2019-20,NSHS Meadowwood,,104101,Nevada State High School Meadowwood,SPCSA,State Public Charter School Authority,brick_and_mortar,97.5,23,23,100.0,nevada_export_exact,topcoded_exact_shown,Nevada State High School campus Verified from 2019-20 SPCSA final deck reporting 2018-19 and 2019-20 rates.
2020-21,NSHS Meadowwood,,104101,Nevada State High School Meadowwood,SPCSA,State Public Charter School Authority,brick_and_mortar,97.5,32,32,100.0,nevada_export_exact,topcoded_exact_shown,Nevada State High School campus Verified from 2021-22 SPCSA final deck reporting 2020-21 and 2021-22 rates.
2021-22,NSHS Meadowwood,,104101,Nevada State High School II Meadowwood,SPCSA,State Public Charter School Authority,brick_and_mortar,97.5,34,34,100.0,nevada_export_exact,topcoded_exact_shown,Nevada State High School campus Verified from SPCSA attachment citing NDE class of 2021-22 ACGR.
2022-23,NSHS Meadowwood,,104101,Nevada State High School II Meadowwood,SPCSA,State Public Charter School Authority,brick_and_mortar,93.3,15,14,93.33333333333333,nevada_export_exact,numeric,Nevada State High School campus Confirmed in cited graduation material for this class year.
2023-24,NSHS Meadowwood,,104101,Nevada State High School II Meadowwood,SPCSA,State Public Charter School Authority,brick_and_mortar,97.5,21,20,95.23809523809524,nevada_export_exact,topcoded,Verified from the official 2023-24 annual ACGR PDF where the campus is reported above 95 percent.
2024-25,NSHS Meadowwood,104101,,,SPCSA,State Public Charter School Authority,brick_and_mortar,85.7,,,,unmatched,numeric,Verified from the official 2024-25 annual ACGR PDF where Nevada State High School II Meadowwood is reported as an SPCSA high school.
2022-23,NSHS North Las Vegas,,81109,Nevada State High School North Las Vegas,SPCSA,State Public Charter School Authority,brick_and_mortar,97.5,16,16,100.0,nevada_export_exact,topcoded_exact_shown,Nevada State High School campus Confirmed in cited graduation material for this class year.
2023-24,NSHS North Las Vegas,,81109,Nevada State High School North Las Vegas,SPCSA,State Public Charter School Authority,brick_and_mortar,97.5,47,45,95.74468085106383,nevada_export_exact,topcoded,Verified from the official 2023-24 annual ACGR PDF where the campus is reported above 95 percent.
2024-25,NSHS North Las Vegas,,81109,Nevada State High School North Las Vegas,SPCSA,State Public Charter School Authority,brick_and_mortar,97.5,34,34,100.0,nevada_export_exact,topcoded_exact_shown,Verified from the SPCSA 2025 graduation deck citing NDE class of 2024-25 ACGR.
2020-21,NSHS Northwest,,81108,Nevada State High School Northwest,SPCSA,State Public Charter School Authority,brick_and_mortar,97.5,44,44,100.0,nevada_export_exact,topcoded_exact_shown,Nevada State High School campus Verified from 2021-22 SPCSA final deck reporting 2020-21 and 2021-22 rates.
2021-22,NSHS Northwest,,81108,Nevada State High School Northwest,SPCSA,State Public Charter School Authority,brick_and_mortar,98.3,61,60,98.36065573770492,nevada_export_exact,numeric,Nevada State High School campus Verified from SPCSA attachment citing NDE class of 2021-22 ACGR.
2022-23,NSHS Northwest,,81108,Nevada State High School Northwest,SPCSA,State Public Charter School Authority,brick_and_mortar,98.5,69,68,98.55072463768116,nevada_export_exact,numeric,Nevada State High School campus Confirmed in cited graduation material for this class year.
2023-24,NSHS Northwest,,81108,Nevada State High School Northwest,SPCSA,State Public Charter School Authority,brick_and_mortar,97.5,62,62,100.0,nevada_export_exact,topcoded,Verified from the official 2023-24 annual ACGR PDF where the campus is reported above 95 percent.
2024-25,NSHS Northwest,,81108,Nevada State High School Northwest,SPCSA,State Public Charter School Authority,brick_and_mortar,97.5,79,79,100.0,nevada_export_exact,topcoded_exact_shown,Verified from the SPCSA 2025 graduation deck citing NDE class of 2024-25 ACGR.
2019-20,NSHS Southwest,,81106,Nevada State High School Southwest,SPCSA,State Public Charter School Authority,brick_and_mortar,97.5,37,37,100.0,nevada_export_exact,topcoded_exact_shown,Nevada State High School campus Verified from 2019-20 SPCSA final deck reporting 2018-19 and 2019-20 rates.
2020-21,NSHS Southwest,,81106,Nevada State High School Southwest,SPCSA,State Public Charter School Authority,brick_and_mortar,96.9,65,63,96.92307692307692,nevada_export_exact,numeric,Nevada State High School campus Verified from 2021-22 SPCSA final deck reporting 2020-21 and 2021-22 rates.
2021-22,NSHS Southwest,,81106,Nevada State High School Southwest,SPCSA,State Public Charter School Authority,brick_and_mortar,98.7,78,77,98.71794871794872,nevada_export_exact,numeric,Nevada State High School campus Verified from SPCSA attachment citing NDE class of 2021-22 ACGR.
2022-23,NSHS Southwest,,81106,Nevada State High School Southwest,SPCSA,State Public Charter School Authority,brick_and_mortar,97.5,55,55,100.0,nevada_export_exact,topcoded_exact_shown,Nevada State High School campus Confirmed in cited graduation material for this class year.
2023-24,NSHS Southwest,,81106,Nevada State High School Southwest,SPCSA,State Public Charter School Authority,brick_and_mortar,97.5,80,79,98.75,nevada_export_exact,topcoded,Verified from the official 2023-24 annual ACGR PDF where the campus is reported above 95 percent.
2024-25,NSHS Southwest,,81106,Nevada State High School Southwest,SPCSA,State Public Charter School Authority,brick_and_mortar,98.8,84,83,98.80952380952381,nevada_export_exact,numeric,Verified from the SPCSA 2025 graduation deck citing NDE class of 2024-25 ACGR.
2017-18,NSHS Summerlin,,81102,Nevada State High School Summerlin,SPCSA,State Public Charter School Authority,brick_and_mortar,97.5,73,71,97.26027397260275,nevada_export_exact,topcoded,Verified from the official 2017-18 annual ACGR PDF as Nevada State High School Summerlin.
2018-19,NSHS Summerlin,,81102,Nevada State High School Summerlin,SPCSA,State Public Charter School Authority,brick_and_mortar,97.5,110,110,100.0,nevada_export_exact,topcoded_exact_shown,Nevada State High School campus Verified from 2019-20 SPCSA final deck reporting 2018-19 and 2019-20 rates.
2019-20,NSHS Summerlin,,81102,Nevada State High School Summerlin,SPCSA,State Public Charter School Authority,brick_and_mortar,97.5,102,102,100.0,nevada_export_exact,topcoded_exact_shown,Nevada State High School campus Verified from 2019-20 SPCSA final deck reporting 2018-19 and 2019-20 rates.
2020-21,NSHS Summerlin,,81102,Nevada State High School Summerlin,SPCSA,State Public Charter School Authority,brick_and_mortar,95.6,93,89,95.6989247311828,nevada_export_exact,numeric,Nevada State High School campus Verified from 2021-22 SPCSA final deck reporting 2020-21 and 2021-22 rates.
2021-22,NSHS Summerlin,,81102,Nevada State High School Summerlin,SPCSA,State Public Charter School Authority,brick_and_mortar,97.9,98,96,97.95918367346938,nevada_export_exact,numeric,Nevada State High School campus Verified from SPCSA attachment citing NDE class of 2021-22 ACGR.
2022-23,NSHS Summerlin,,81102,Nevada State High School Summerlin,SPCSA,State Public Charter School Authority,brick_and_mortar,97.4,77,75,97.40259740259741,nevada_export_exact,numeric,Nevada State High School campus Confirmed in cited graduation material for this class year.
2023-24,NSHS Summerlin,,81102,Nevada State High School Summerlin,SPCSA,State Public Charter School Authority,brick_and_mortar,97.5,78,75,96.15384615384616,nevada_export_exact,topcoded,Verified from the official 2023-24 annual ACGR PDF where the campus is reported above 95 percent.
2024-25,NSHS Summerlin,,81102,Nevada State High School Summerlin,SPCSA,State Public Charter School Authority,brick_and_mortar,94.8,58,55,94.82758620689656,nevada_export_exact,numeric,Verified from the SPCSA 2025 graduation deck citing NDE class of 2024-25 ACGR.
2018-19,NSHS Sunrise,,,,SPCSA,State Public Charter School Authority,brick_and_mortar,97.5,,,,unmatched,topcoded_exact_shown,Nevada State High School campus Verified from 2019-20 SPCSA final deck reporting 2018-19 and 2019-20 rates.
2019-20,NSHS Sunrise,,,,SPCSA,State Public Charter School Authority,brick_and_mortar,97.5,,,,unmatched,topcoded_exact_shown,Nevada State High School campus Verified from 2019-20 SPCSA final deck reporting 2018-19 and 2019-20 rates.
2020-21,NSHS Sunrise,,,,SPCSA,State Public Charter School Authority,brick_and_mortar,94.5,,,,unmatched,numeric,Nevada State High School campus Verified from 2021-22 SPCSA final deck reporting 2020-21 and 2021-22 rates.
2021-22,NSHS Sunrise,,81104,Nevada State High School Sunrise,SPCSA,State Public Charter School Authority,brick_and_mortar,97.4,39,38,97.43589743589743,nevada_export_exact,numeric,Nevada State High School campus Verified from SPCSA attachment citing NDE class of 2021-22 ACGR.
2022-23,NSHS Sunrise,,81104,Nevada State High School Sunrise,SPCSA,State Public Charter School Authority,brick_and_mortar,97.5,45,45,100.0,nevada_export_exact,topcoded_exact_shown,Nevada State High School campus Confirmed in cited graduation material for this class year.
2023-24,NSHS Sunrise,,81104,Nevada State High School Sunrise,SPCSA,State Public Charter School Authority,brick_and_mortar,97.5,25,25,100.0,nevada_export_exact,topcoded,Verified from the official 2023-24 annual ACGR PDF where the campus is reported above 95 percent.
2024-25,NSHS Sunrise,,81104,Nevada State High School Sunrise,SPCSA,State Public Charter School Authority,brick_and_mortar,97.5,20,20,100.0,nevada_export_exact,topcoded_exact_shown,Verified from the SPCSA 2025 graduation deck citing NDE class of 2024-25 ACGR.
2017-18,Oasis Acad,,65414,Oasis Academy,SPCSA,State Public Charter School Authority,brick_and_mortar,97.5,20,20,100.0,nevada_export_exact,topcoded,Verified from the official 2017-18 annual ACGR PDF.
2018-19,Oasis Acad,,65414,Oasis Academy,SPCSA,State Public Charter School Authority,brick_and_mortar,97.5,39,39,100.0,nevada_export_exact,topcoded_exact_shown,Entity id not captured in cited SPCSA deck Verified from 2019-20 SPCSA final deck reporting 2018-19 and 2019-20 rates.
2019-20,Oasis Acad,,65414,Oasis Academy Charter School,SPCSA,State Public Charter School Authority,brick_and_mortar,97.5,30,30,100.0,nevada_export_exact,topcoded_exact_shown,Entity id not captured in cited SPCSA deck Verified from 2019-20 SPCSA final deck reporting 2018-19 and 2019-20 rates.
2020-21,Oasis Acad,,65414,Oasis Academy,SPCSA,State Public Charter School Authority,brick_and_mortar,97.5,42,42,100.0,nevada_export_exact,topcoded_exact_shown,Entity id not captured in cited SPCSA deck Verified from 2021-22 SPCSA final deck reporting 2020-21 and 2021-22 rates.
2021-22,Oasis Acad,,65414,Oasis Academy,SPCSA,State Public Charter School Authority,brick_and_mortar,97.5,37,37,100.0,nevada_export_exact,topcoded_exact_shown,Entity id not captured in cited SPCSA deck Verified from SPCSA attachment citing NDE class of 2021-22 ACGR.
2022-23,Oasis Acad,,65414,Oasis Academy,SPCSA,State Public Charter School Authority,brick_and_mortar,97.5,31,31,100.0,nevada_export_exact,topcoded_exact_shown,Entity id not captured in cited SPCSA deck Confirmed in cited graduation material for this class year.
2023-24,Oasis Acad,,65414,Oasis Academy,SPCSA,State Public Charter School Authority,brick_and_mortar,97.5,41,41,100.0,nevada_export_exact,topcoded,Verified from the official 2023-24 annual ACGR PDF where Oasis Academy is reported above 95 percent.
2024-25,Oasis Acad,,65414,Oasis Academy,SPCSA,State Public Charter School Authority,brick_and_mortar,97.5,23,23,100.0,nevada_export_exact,topcoded_exact_shown,Verified from the SPCSA 2025 graduation deck citing NDE class of 2024-25 ACGR.
2019-20,Pinecrest Cadence,,58423,Pinecrest Academy of Nevada Cadence Campus,SPCSA,State Public Charter School Authority,brick_and_mortar,93.6,47,44,93.61702127659575,nevada_export_exact,numeric,Entity id not captured in cited SPCSA deck Verified from 2019-20 SPCSA final deck reporting 2018-19 and 2019-20 rates.
2020-21,Pinecrest Cadence,,58423,Pinecrest Academy of Nevada Cadence,SPCSA,State Public Charter School Authority,brick_and_mortar,91.9,62,57,91.93548387096774,nevada_export_exact,numeric,Entity id not captured in cited SPCSA deck Verified from 2021-22 SPCSA final deck reporting 2020-21 and 2021-22 rates.
2021-22,Pinecrest Cadence,,58423,Pinecrest Academy of Nevada Cadence,SPCSA,State Public Charter School Authority,brick_and_mortar,97.5,82,80,97.5609756097561,nevada_export_exact,numeric,Entity id not captured in cited SPCSA deck Verified from SPCSA attachment citing NDE class of 2021-22 ACGR.
2022-23,Pinecrest Cadence,,58423,Pinecrest Academy of Nevada Cadence,SPCSA,State Public Charter School Authority,brick_and_mortar,98.9,92,91,98.91304347826087,nevada_export_exact,numeric,Entity id not captured in cited SPCSA deck Confirmed in cited graduation material for this class year.
2023-24,Pinecrest Cadence,,58423,Pinecrest Academy of Nevada Cadence,SPCSA,State Public Charter School Authority,brick_and_mortar,97.5,139,137,98.56115107913669,nevada_export_exact,topcoded,Verified from the official 2023-24 annual ACGR PDF where Pinecrest Cadence is reported above 95 percent.
2024-25,Pinecrest Cadence,,58423,Pinecrest Academy of Nevada Cadence,SPCSA,State Public Charter School Authority,brick_and_mortar,99.3,156,155,99.35897435897436,nevada_export_exact,numeric,Verified from the SPCSA 2025 graduation deck citing NDE class of 2024-25 ACGR.
2022-23,Pinecrest Sloan Canyon,,58428,Pinecrest Academy of Nevada Sloan Canyon,SPCSA,State Public Charter School Authority,brick_and_mortar,97.8,91,89,97.8021978021978,nevada_export_exact,numeric,Entity id not captured in cited SPCSA deck Confirmed in cited graduation material for this class year.
2023-24,Pinecrest Sloan Canyon,,58428,Pinecrest Academy of Nevada Sloan Canyon,SPCSA,State Public Charter School Authority,brick_and_mortar,97.5,117,116,99.14529914529915,nevada_export_exact,topcoded,Verified from the official 2023-24 annual ACGR PDF where Pinecrest Sloan Canyon is reported above 95 percent.
2024-25,Pinecrest Sloan Canyon,,58428,Pinecrest Academy of Nevada Sloan Canyon,SPCSA,State Public Charter School Authority,brick_and_mortar,99.3,144,143,99.30555555555556,nevada_export_exact,numeric,Verified from the SPCSA 2025 graduation deck citing NDE class of 2024-25 ACGR.
2019-20,SLAM NV,,47434,Sports Leadership and Management Nevada,SPCSA,State Public Charter School Authority,brick_and_mortar,94.3,71,67,94.36619718309859,nevada_export_exact,numeric,Entity id not captured in cited SPCSA deck Verified from 2019-20 SPCSA final deck reporting 2018-19 and 2019-20 rates.
2020-21,SLAM NV,,47434,Sports Leadership and Management Academy,SPCSA,State Public Charter School Authority,brick_and_mortar,96.7,93,90,96.7741935483871,nevada_export_exact,numeric,Entity id not captured in cited SPCSA deck Verified from 2021-22 SPCSA final deck reporting 2020-21 and 2021-22 rates.
2021-22,SLAM NV,,47434,Sports Leadership and Management Academy,SPCSA,State Public Charter School Authority,brick_and_mortar,98.1,111,109,98.1981981981982,nevada_export_exact,numeric,Entity id not captured in cited SPCSA deck Verified from SPCSA attachment citing NDE class of 2021-22 ACGR.
2022-23,SLAM NV,,47434,Sports Leadership and Management Academy,SPCSA,State Public Charter School Authority,brick_and_mortar,96.0,101,97,96.03960396039604,nevada_export_exact,numeric,Entity id not captured in cited SPCSA deck Confirmed in cited graduation material for this class year.
2023-24,SLAM NV,,47434,Sports Leadership and Management Academy,SPCSA,State Public Charter School Authority,brick_and_mortar,97.5,108,107,99.07407407407408,nevada_export_exact,topcoded,Verified from the official 2023-24 annual ACGR PDF where Sports Leadership and Management Academy is reported above 95 percent.
2024-25,SLAM NV,,47434,Sports Leadership and Management Academy,SPCSA,State Public Charter School Authority,brick_and_mortar,99.2,127,126,99.21259842519684,nevada_export_exact,numeric,Verified from the SPCSA 2025 graduation deck citing NDE class of 2024-25 ACGR.
2017-18,Somerset Losee,,59120,Somerset Academy Losee,SPCSA,State Public Charter School Authority,brick_and_mortar,70.42,71,50,70.4225352112676,nevada_export_exact,numeric,Verified from the official 2017-18 annual ACGR PDF as Somerset Academy Losee.
2018-19,Somerset Losee,,59120,Somerset Academy Losee,SPCSA,State Public Charter School Authority,brick_and_mortar,98.5,67,66,98.50746268656717,nevada_export_exact,numeric,Entity id not captured in cited SPCSA deck Verified from 2019-20 SPCSA final deck reporting 2018-19 and 2019-20 rates.
2019-20,Somerset Losee,,59120,Somerset Academy of Las Vegas Losee Campus,SPCSA,State Public Charter School Authority,brick_and_mortar,95.8,96,92,95.83333333333333,nevada_export_exact,numeric,Entity id not captured in cited SPCSA deck Verified from 2019-20 SPCSA final deck reporting 2018-19 and 2019-20 rates.
2020-21,Somerset Losee,,59120,Somerset Academy Losee,SPCSA,State Public Charter School Authority,brick_and_mortar,96.5,116,112,96.55172413793103,nevada_export_exact,numeric,Entity id not captured in cited SPCSA deck Verified from 2021-22 SPCSA final deck reporting 2020-21 and 2021-22 rates.
2021-22,Somerset Losee,,59120,Somerset Academy Losee,SPCSA,State Public Charter School Authority,brick_and_mortar,97.4,117,114,97.43589743589743,nevada_export_exact,numeric,Entity id not captured in cited SPCSA deck Verified from SPCSA attachment citing NDE class of 2021-22 ACGR.
2022-23,Somerset Losee,,59120,Somerset Academy Losee,SPCSA,State Public Charter School Authority,brick_and_mortar,97.6,127,124,97.63779527559055,nevada_export_exact,numeric,Entity id not captured in cited SPCSA deck Confirmed in cited graduation material for this class year.
2023-24,Somerset Losee,,59120,Somerset Academy Losee,SPCSA,State Public Charter School Authority,brick_and_mortar,97.5,174,172,98.85057471264368,nevada_export_exact,topcoded,Verified from the official 2023-24 annual ACGR PDF where Somerset Academy Losee is reported above 95 percent.
2024-25,Somerset Losee,,59120,Somerset Academy Losee,SPCSA,State Public Charter School Authority,brick_and_mortar,98.4,191,188,98.42931937172774,nevada_export_exact,numeric,Verified from the SPCSA 2025 graduation deck citing NDE class of 2024-25 ACGR.
2017-18,Somerset Sky Pointe,,59122,Somerset Academy Sky Pointe,SPCSA,State Public Charter School Authority,brick_and_mortar,73.13,134,98,73.13432835820896,nevada_export_exact,numeric,Verified from the official 2017-18 annual ACGR PDF as Somerset Academy Sky Pointe.
2018-19,Somerset Sky Pointe,,59122,Somerset Academy Sky Pointe,SPCSA,State Public Charter School Authority,brick_and_mortar,98.1,109,107,98.1651376146789,nevada_export_exact,numeric,Entity id not captured in cited SPCSA deck Verified from 2019-20 SPCSA final deck reporting 2018-19 and 2019-20 rates.
2019-20,Somerset Sky Pointe,,59122,Somerset Academy Sky Pointe,SPCSA,State Public Charter School Authority,brick_and_mortar,97.5,106,106,100.0,nevada_export_exact,topcoded_exact_shown,Entity id not captured in cited SPCSA deck Verified from 2019-20 SPCSA final deck reporting 2018-19 and 2019-20 rates.
2020-21,Somerset Sky Pointe,,59122,Somerset Academy Sky Pointe,SPCSA,State Public Charter School Authority,brick_and_mortar,99.2,136,135,99.26470588235294,nevada_export_exact,numeric,Entity id not captured in cited SPCSA deck Verified from 2021-22 SPCSA final deck reporting 2020-21 and 2021-22 rates.
2021-22,Somerset Sky Pointe,,59122,Somerset Academy Sky Pointe,SPCSA,State Public Charter School Authority,brick_and_mortar,98.0,155,152,98.06451612903226,nevada_export_exact,numeric,Entity id not captured in cited SPCSA deck Verified from SPCSA attachment citing NDE class of 2021-22 ACGR.
2022-23,Somerset Sky Pointe,,59122,Somerset Academy Sky Pointe,SPCSA,State Public Charter School Authority,brick_and_mortar,98.8,180,178,98.88888888888889,nevada_export_exact,numeric,Entity id not captured in cited SPCSA deck Confirmed in cited graduation material for this class year.
2023-24,Somerset Sky Pointe,,59122,Somerset Academy Sky Pointe,SPCSA,State Public Charter School Authority,brick_and_mortar,97.5,185,184,99.45945945945945,nevada_export_exact,topcoded,Verified from the official 2023-24 annual ACGR PDF where Somerset Academy Sky Pointe is reported above 95 percent.
2024-25,Somerset Sky Pointe,,59122,Somerset Academy Sky Pointe,SPCSA,State Public Charter School Authority,brick_and_mortar,97.5,181,181,100.0,nevada_export_exact,topcoded_exact_shown,Verified from the SPCSA 2025 graduation deck citing NDE class of 2024-25 ACGR.
